,teacher,heart,reviewer,date,kinds,content_title,review_title,content,rated
0,정유빈,4354,이*호,23.10.21,102,[2024 파이널 체크포인트] 확률과 통계,두 가지만 여쭤봐도 될까요?,"안녕하세요 선생님 저는 상당수의 문과 학생들처럼 확률과 통계를 공부하고는 있지만 중학교 때부터 도형(기하) 다음으로 싫어하는 부분이 확통이라...(수학머리가 1도 없어서... 조금만 바뀌어도 건드리지를 못하거든요 케이스 나누기, 머리 쓰기 이런 것도 질색하고요;; 그래서 수학 1, 수학 2도 못 하는 주제에 그건 그나마 정해진 매커니즘이 있다고 공통과목을 더 좋아하는 신기한 1인이랍니다) 사실 울며 겨자 먹기로 선택한 거였어요 선생님 강의 들을 땐 선생님께서  꼼꼼하고 재밌게 설명해 주셔서 괜찮았는데 혼자 복습하고 다시 문제 푸는 시간에는 거들떠보기도 싫어 참 마음이 힘들었죠 그래도 공통에서 다 맞출 실력도 없으니 좀 늦게 제대로 마음 잡아 공부한 덕에 이제 모의고사에서 2, 3점짜리까진 풀 수 있게 되었어요 (이게 뭔 자랑이라고;;;)

여기에서 질문이 있는데요

1. 지금 이 시점에 와서 '확통 8문항 중 4점짜리(28, 29, 30번)를 하나라도 맞혀 보겠다' 이렇게 생각하고 공부하는 건 무모한 짓일까요?
만약 아직 가망이 있다면 어떻게 하는 게 좋을지 여쭤봐도 될까요? (수특 level 3까지는 봐야(아직 level 2까지만 풀었어요) 할지, 기출문제들에서 4점짜리를 집중적으로 푸는 게 좋은지요?))

2. 모의고사에서 시간 안배를 어떻게 해야 할까요?
재수생이라 실제로 응시한 건(시험 당일 omr마킹까지 하고, 성적표까지 받은) 6월 모의평가(이하 6평), 9월 모의평가(이하 9평)뿐인데요 6평에선 확통을 23, 24, 26, 27번을 맞았지만(25번은 갑자기 뭔 바람이 불었는지 그 문제 푸는데 도중에 막혀 머리가 하얘져서 못 풀었어요 ㅠ) 9평에선 공통에서 문제가 쉽게 나온 덕에 할 만하다 싶어 신나게 풀다가 공통 웬만큼 해결하고 나니 시간이 거의 없더라고요(제가 수학을 못 하느라 노가다, 계산이 한바닥인 것도 한몫하겠지만요;;;) 그래서 23, 24번만 간신히 풀어서 맞았어요 (28번은 운이 좋아 찍어서 맞았고요) 제가 ①. 공통 2. 3점 해결(오지선다형+단답형)-> ②. 공통 4점 도전(해 볼만 한 것들만 살살, 오지선다형+단답형)-> ③. 확통 2, 3점 해결(오지선다형) 이 순으로 푸는데 ②와 ③을 바꾸는 게 줗을지 궁금해요

참고로 공통은 6평: 1-11, 16-19번, (14번은 찍어서 맞앚습니다) -> 61점(최종 점수) 9평: 1-8, 10, 15-22번(오지선다형의 마지막 15, 뒤쪽의 단답형 20, 21, 22가 엄청 쉬워진 덕에 ㅎㅎ / 28번은 찍어서 맞앚습니다) -> 63점 (최종 점수) 이렇게 풀어서 맞았어요

수능에서는 문제 수준과 스타일이 9평과 비슷하게 나와 준다면 낮은 3등급이라도 받고 싶어요 그럼 수능 관련해선 더 바랄 게 없을 것 같아요 ㅠㅠㅠㅠㅠㅠㅠㅠㅠ

읽어주셔서 고맙습니다 (애기도 아니면서 투정 부려 죄송합니다... ㅠ)",5점
1,정유빈,4354,김*재,23.10.19,28,[2024 파이널 체크포인트] 확률과 통계,감사합니다,감사드려요,스페셜
2,정유빈,4354,김*재,23.10.18,16,[2024 파이널 체크포인트] 확률과 통계,시작,시작해요,5점
3,정유빈,4354,임*현,23.10.10,113,[2024 파이널 체크포인트] 확률과 통계,자료실에,문제업로드 해주시면 안될까요?~,5점
4,정유빈,4354,정*주,23.10.07,154,[2024 파이널 체크포인트] 확률과 통계,오타,"안농하세요.

03강 확률 구하기의 모든 것 강의에서요.

1. 파이널 1번 - 2023학년도 6월 모의평가 문제

찾아보니까 올해 본 문제더라고요.

그래서 표기를 2024학년도 6월이라고 하면 좋을 것 같습니다.

2. 파이널 2번 - 수능완성 13쪽

이건 91쪽 13번이라고 정정해야 할 것 같습니다.

3. 파이널 3번 - 2023학년도 6월 모의평가

이것도 올해 본 문제라 2024학년도로 표기하면 좋을 것 같습니다.

4. 파이널 5번 - 수능특강 57쪽.

이건 51쪽이랍니다.

5. 04강 다짜고짜 평분표 구하기에서 파이널 5번 - 2023학년도 9월 모의평가

이것도 올해 본 문제입니다.


그리고 개인적인 질문이 있는데요.

제가 독립시행의 확률이 지금 현재 약점이거든요.

이렇게 빈 부분을 어떻게 지금부터 보완하면 좋을까요??",스페셜
5,정유빈,4354,강*성,23.06.06,330,[2024학년도 고3 6월 모의평가 해설] 수학,28번 복잡한 함수 미분하지 않고 답 구하기,"미분을 통해 구하라는 것이 평가원의 의도 및 옳게된 방향이었으나,

미분하기엔 합성함수 미분이 너무 들어가 다른 학생 친구들도 헷갈리지 않을까..?

그렇기에 다른 방법으로 접근 해봤습니다.

다음 방법은 사잇값 정리로 부족한 논리적 설명이 채워질 것 같습니다! (함수 f(x)가 연속이고, f(0)=-1/2, f(2)=-3/2 이므로 사잇값정리에 의해 f(x)=-1의 근이 열린구간 (0,2)에 적어도 하나 존재한다.)

혹시 선생님의 견해는 어떠하신 가요? ",5점
6,정유빈,4354,강*수,23.06.05,188,[2024학년도 고3 6월 모의평가 해설] 수학,수강 후기,감사합니다!,5점
7,정유빈,4354,한*희,23.06.02,480,[2024학년도 고3 6월 모의평가 해설] 수학,김민재선생님 미적분 28번에요,"우변의 g(x)가 미분가능하다는건 알겠는데, 미분하고 =0으로 두는 이유는 뭔가요?",5점
8,정유빈,4354,박*수,23.10.01,14,"[2024 수능완성] 이하영, 정유빈의 수학+확률과 통계(유형편)",수완수학 유형편 23강 후기!,예쁜 하영쌤! 제가 뽑은 오답의 문제는 20번 문제를 뽑았습니다! 사진으로 참고하시면 돼요! 제가 뽑은 깨달았던 문제는 19번 문제를 뽑았습니다! 제가 스스로 계산하고 풀어서! 채점해보니까! 맞혔더라고요!! 24강에 가서 봐요!♡♡,5점
9,정유빈,4354,박*수,23.10.01,16,"[2024 수능완성] 이하영, 정유빈의 수학+확률과 통계(유형편)",수완수학 유형편 22강 후기!,예쁜 하영쌤! 제가 뽑은 오답의 문제는 16번 문제를 뽑았습니다! 사진으로 참고하시면 돼요! 제가 뽑은 깨달았던 문제는 13번 문제를 뽑았습니다!!! 제가 스스로 계산하고! 풀어서 채점해보니까! 맞혔더라고요! 23강에 가서 봐요!!!♡,5점
10,정유빈,4354,박*수,23.10.01,20,"[2024 수능완성] 이하영, 정유빈의 수학+확률과 통계(유형편)",수완수학 유형편 21강 후기!,예쁜 하영쌤! 제가 뽑은 오답의 문제는 9번 문제를 뽑았습니다! 사진으로 참고하시면 돼요! 제가 뽑은 깨달았던 믈제는 7번 문제를 뽑았습니다!!! 제가 스스로 계산하고! 풀어서 채점해보니까! 맞혔더라고요!!! 22강에 가서 봐요!♡♡,5점
11,정유빈,4354,박*수,23.10.01,17,"[2024 수능완성] 이하영, 정유빈의 수학+확률과 통계(유형편)",수완수학 유형편 20강 후기!,예쁜 하영쌤! 제가 뽑은 오답의 문제는 1번 문제를 뽑았습니다! 사진으로 참고하시면 돼요! 제가 뽑은 깨달았던 문제는 2번을 뽑았습니다! 제가 스스로 계산하고 풀어서 채점해보니까! 맞혔더라고요! 22강에 가서 봐요! 파이팅!♡♡,5점
12,정유빈,4354,박*수,23.10.01,19,"[2024 수능완성] 이하영, 정유빈의 수학+확률과 통계(유형편)",수완수학 유형편 19강 후기!,예쁜 하영쌤! 제가 뽑은 오답의 문제는 26번 문제를 뽑았습니다! 사진으로 참고하시면 돼요! 제가 뽑은 깨달았던 문제는 24번을 뽑았습니다! 계산해서 풀어보니까! 맞혔더라고요! 20강에 가서 봐요! 열심히 공부하겠습니다! 파이팅!,5점
13,정유빈,4354,예*희,23.09.30,23,"[2024 수능완성] 이하영, 정유빈의 수학+확률과 통계(유형편)",유빈 쌤! 완강했어요!,"선생님! 처음 수능개념 들을 때는 정리가 되었는데 수능완성 확통까지 다 듣고 나니 정리가 확실히 더 잘 되었어요! 
수능 잘 보고 올게요! 좋은 강의 감사해요! 언제나 화이팅 하세요!",스페셜
14,정유빈,4354,박*수,23.09.21,23,"[2024 수능완성] 이하영, 정유빈의 수학+확률과 통계(유형편)",수완수학 유형편 18강 후기!,예쁜 하영쌤! 제가 뽑은 오답의 문제는 18번 문제를 뽑았습니다! 사진으로 참고하시면 돼요! 제가 깨달았던 문제는 21번 문제를 뽑았습니다! 제가 스스로 계산해서! 풀어서! 채점해보니까! 맞혔더라고요! 19강에 가서 봐요! 파이팅!,5점
15,정유빈,4354,박*수,23.09.21,16,"[2024 수능완성] 이하영, 정유빈의 수학+확률과 통계(유형편)",수완수학 유형편 17강 후기!,예쁜 하영쌤! 제가 뽑은 오답의 문제는 17번 문제를 뽑았습니다! 사진으로 참고하시면 돼요! 제가 뽑은 깨달았던 문제는 14번을 뽑았습니다! 제가 스스로 계산해서! 풀어서! 채점해보니까! 맞혔더라고요! 18강에 가서 봐요! 파이팅!,5점
16,정유빈,4354,박*수,23.09.21,15,"[2024 수능완성] 이하영, 정유빈의 수학+확률과 통계(유형편)",수완수학 유형편 16강 후기!,예쁜 하영쌤! 제가 뽑은 오답의 문제는 4번 문제를 뽑았습니다! 사진으로 참고하시면 돼요! 제가 깨달았던 문제는 7번 문제를 뽑았습니다! 스스로 계산해서 풀어서 채점해보니까! 맞혔더라고요! 17강에 가서 봐요!,5점
17,정유빈,4354,박*수,23.09.13,25,"[2024 수능완성] 이하영, 정유빈의 수학+확률과 통계(유형편)",수완수학 유형편 15강 후기!,예쁜 하영쌤! 제가 뽑은 오답의 문제는 31번 문제를 뽑았습니다! 사진으로 참고하시면 돼요! 제가 뽑은 깨달았던 문제는 33번 문제를 뽑았습니다!!! 수열에 관련된 문제데요! 제가 스스로 풀어서 채점해보니까! 맞혔더라고요!!! 수1 모든 파트는 끝났어요! 예쁜 하영쌤! 수2에 가서 봐요!!!♡♡,5점
18,정유빈,4354,박*수,23.09.13,17,"[2024 수능완성] 이하영, 정유빈의 수학+확률과 통계(유형편)",수완수학 유형편 14강 후기!,예쁜 하영쌤! 제가 뽑은 오답의 문제는 26번을 뽑았습니다! 사진으로 참고하시면 돼요! 제가 뽑은 깨달았던 문제는 28번 문제를 뽑았습니다! 등비수열에 관련된 문제데요! 제가 스스로 풀어서 채점해보니까! 맞혔더라고요!♡♡♡♡,5점
19,정유빈,4354,박*수,23.09.13,18,"[2024 수능완성] 이하영, 정유빈의 수학+확률과 통계(유형편)",수완수학 유형편 13강 후기!,예쁜 하영쌤! 제가 뽑은 오답의 문제는 18번 문제를 뽑았습니다! 사진으로 참고하시면 되고요! 제가 뽑은 깨달았던 문제는 22번 문제를 뽑았습니다! 수열에 관련된 문제데요! 제가 스스로 풀어서 채점해보니까! 맞혔더라고요!♡♡♡,5점
20,정유빈,4354,이*기,23.09.13,28,"[2024 수능완성] 이하영, 정유빈의 수학+확률과 통계(유형편)",선생님 질문드려요(2),"글이 길어서 2개로 나눠서 올렸어요ㅜㅜ   

<남은기간 공부방법질문>
6-9평가원에서 3등급을 받았고
수능때는 최저가있어서 2등급을 받고싶어요ㅜㅜ
  저는 남은 계획을 새로운 책을 풀기보다는
수능특강-수능완성을 다시 복습하고
실전모의고사를 매주마다 4~5회분 풀려고해요
  선생님
수학은 5~6시간씩하고 있는데 이정도면 제 목표등급에
비해 공부시간이랑 푸는교재 자체가 많이 부족한양인가요?
그러면 다른과목시간을 더 줄이고 수학을 더 늘리려구요ㅜㅜ
  선생님 제 계획이 수정이 필요한지가 너무 궁금하구요
남은기간 공부방법이랑 조언부탁드려요ㅠㅠ ",5점
21,정유빈,4354,이*기,23.09.13,23,"[2024 수능완성] 이하영, 정유빈의 수학+확률과 통계(유형편)",선생님 질문드려요(1),"하영 선생님 수업수강중인 제자입니당 
미적분선택해서 문항검색으로 듣고 있어요
남은 기간 수학 학습법 질문을 드리고싶어요

글이 길어서 2개로 나눠서 올릴게요ㅜㅜ
  성적은 6월평가원에서 3등급을 받았고
이후에 9월 평가원까지 수학준비를 많이 했는데 3등급이 나왔어요
다시 풀어보니 충분히 해결할 수 있는 문항들이 많아서
시험에 아쉬움이 너무 많았어요
  수시 최저를 수학으로 준비하고있어서
수능때는 꼭 2등급을 받고싶어요ㅜㅜ
수능때 4~5문항정도빼고 풀 수 있을정도로 준비하고싶어요
  남은8주동안은 실전모의고사와
수능특강+수능완성 복습으로 공부하려고해요
  <실전모의고사 질문>
  제가 실전모의고사를 풀면
객관식3문항 주관식3문항 선택3문항 빼고
21문항을 푸는데도 60~70분정도 걸리고
남은9문항중에 풀 수 있는 3개정도 풀면
100분이 딱 끝나요ㅜㅜ
  이렇게 30문항을 풀고나서
고난도 문항 오답을 하니 하루가 부족해서 이틀동안
그것만 잡고 있어요
  기존의 15번 22번 30번 난이도 문항들은
해설을 봐도 와닿을 정도로 이해가 되지도 않고
따라풀어 보는 정도에요
고난도까지 오답을하니까 시간을 너무 많이
쓰게 되어서 남은 기간 효율적인 공부가 맞는지
생각이 들어요
  실전모의고사를 고난도3문항정도 과목별 한문항씩 제외하고 27문항으로
하루 1회씩 시간맞춰 푸는연습을 매일매일 할까요
  힘들어도 고난도까지 전부 포함해서 30문항 이틀에 한회씩
공부 하는게 맞을까요",5점
22,정유빈,4354,육*라,23.09.07,66,"[2024 수능완성] 이하영, 정유빈의 수학+확률과 통계(유형편)",선생님 안녕하세요.,"이하영 선생님, 정유빈 선생님 안녕하세요. 두 분 모두 개념부터 함께 공부했었는데 이렇게 완성에서 같이 뵙다니 너무너무 기쁩니다.
제가 이번 모평을 보고 고민이 생겨서 이렇게 두 분의 선생님께 글을 남겨봅니다. 저는 일단 고3은 아니고 한 9년만에 다시 수능을 보는 사람인데요, 6월, 9월 모평에서 평소 집에서 공부했을 때라면 하지 않았을 실수를 자꾸 해서 고민이예요. 예를 들면 곱해야 될 것을 더해서 틀리고 tan는 y/x인데 엉뚱하게 x만 봐서 답을 못 찾고 이번 9월모평 확통 26번 문제 식 다 잘 적었고 1.0값과 1.3값 더하면 되는데 1.1값하고 1.3값 더해서 틀리고. 저도 제가 시험 볼 때 왜 이러는지 모르겠어요. 긴장되기도 하고 빨리 풀어야 된다는 생각 때문에 그런거 같은 부분도 있긴 하지만… 선생님 실수 어떻게 하면 줄일 수 있을까요? 문제 계속 풀면서 연습하면 될까요? 답 구하면서 하나하나 다시 점검하는 연습을 하면 될까요? 모평 끝나고 다시 풀어보니까 시험장에서 헤맸던 것이 잘 풀려요.",스페셜
23,정유빈,4354,이*경,23.09.01,48,"[2024 수능완성] 이하영, 정유빈의 수학+확률과 통계(유형편)",감사합니다...,"좋은 강의 찍어주셔서...
감사합니다...
도움이 많이 되었어요..",스페셜
24,정유빈,4354,박*수,23.08.31,31,"[2024 수능완성] 이하영, 정유빈의 수학+확률과 통계(유형편)",수완수학 유형편 12강 후기!,예쁜 하영쌤! 제가 뽑은 오답의 문제는 10번 문제를 뽑았습니다! 사진으로 참고하시면 돼요! 제가 뽑은 깨달았던 문제는 9번 문제를 뽑았습니다! 등비수열에 관련된 문제데요! 와! 이거는 저한테 너무 간단했어요! 스스로 계산해서 풀어보니까! 맞혔더라고요! 끝까지 파이팅!,5점
25,정유빈,4354,박*수,23.08.31,20,"[2024 수능완성] 이하영, 정유빈의 수학+확률과 통계(유형편)",수완수학 유형편 11강 후기!,예쁜 하영쌤! 제가 뽑은 오답의 문제는 5번 문제를 뽑았습니다! 사진으로 참고하시면 돼요! 제가 뽑은 깨달았던 문제는 2번 문제를 뽑았습니다!!! 첫째항에 관련된 문제데 제가 스스로 계산해서! 채점해보니까! 맞혔더라고요! 파이팅!!!,5점
26,정유빈,4354,박*수,23.08.29,19,"[2024 수능완성] 이하영, 정유빈의 수학+확률과 통계(유형편)",수완수학 유형편 10강 후기!,예쁜 하영쌤! 제가 뽑은 헷갈렸던 문제는 22번을 뽑았습니다! 사진으로 참고하시면 돼요! 제가 뽑은 깨달았던 문제는 21번 문제를 뽑았습니다! 삼각형에 관련된 문제데요! 제가 스스로 계산해서 풀어보니까! 맞혔더라고요! 드디어 2주제 모든 문제풀이는 끝났습니다! 끝까지 파이팅!!!!!♡♡♡♡,5점
27,정유빈,4354,박*수,23.08.29,20,"[2024 수능완성] 이하영, 정유빈의 수학+확률과 통계(유형편)",수완수학 유형편 9강 후기!,예쁜 하영쌤! 제가 뽑은 오답의 문제는 18번 문제를 뽑았습니다! 사진으로 참고하시면 되겠고요! 제가 뽑은 깨달았던 문제는 20번 문제를 뽑았습니다! 반지름에 관련된 문제데요! 스스로 계산해서 풀어보니까! 맞혔더라고요!♡♡♡,5점
28,정유빈,4354,신*욱,23.08.27,40,"[2024 수능완성] 이하영, 정유빈의 수학+확률과 통계(유형편)",정유빈 선생님께 드리는 말씀," 선생님 안녕하세요? 제가 그동안 2024 수특 확통 강의는 그 유명한 전설의 정승제 생선님 강의를 봤는데, 선생님께서 찍으신 수완 확통 강의는 정말 새로운 세상인 것 같네요. 왜냐하면 정승제 생선님 강의는 생선님께서 너무 시끄럽고 소리를 치기도 하시고, 수학과 외전인 이야기를 하셔서 강의를 듣다 가끔씩 정신이 흐트려지기도 하였는데, 선생님께서 찍으신 강의는 말투도 차분하고 조용하고, 개념 과 문제풀이가 귀에 쏙쏙 들어와 집중이 잘 되는 것 같아 '새로운 세상'이라고 생각하게 되었습니다. 선생님의 강의는 하루를 마무리하기 전 밤에 자기 직전에 들으면 좋을 것 같은 힐링이 되는 그런 볼륨인 것 같아요. ㅎㅎㅎ 아무튼, 제가 올해 2024학년도 대수능 때 확통 8문제를 다 맞힐 수 있도록 꼭 응원해 주세요^^^^^",5점
29,정유빈,4354,박*수,23.08.23,25,"[2024 수능완성] 이하영, 정유빈의 수학+확률과 통계(유형편)",수완수학 유형편 8강 후기!,예쁜 하영쌤! 제가 뽑은 오답의 문제는 16번 문제를 뽑았습니다! 역시 사진으로 참고해주시면 되겠고요! 제가 뽑은 깨달았던 문제는 13번 문제를 뽑았습니다! 와! 이거는 상수 문제데요! 너무나 저한테 간단한 문제였지만! 스스로 풀어서 채점해서 풀어보니까! 맞혔더라고요!!!♡♡♡♡♡♡,5점
30,정유빈,4354,박*수,23.08.23,17,"[2024 수능완성] 이하영, 정유빈의 수학+확률과 통계(유형편)",수완수학 유형편 7강 후기!,예쁜 하영쌤! 제가 뽑은 오답의 문제는 12번 문제를 뽑았습니다! 사진으로 참고해주시면 되겠고요! 제가 뽑은 깨달았던 문제는 9번 문제를 뽑았습니다! 양수에 관련된 문제데요! 스스로 풀고 채점해보니까! 맞혔더라고요!!!♡♡♡,5점
31,정유빈,4354,박*수,23.08.23,18,"[2024 수능완성] 이하영, 정유빈의 수학+확률과 통계(유형편)",수완수학 유형편 6강 후기!,예쁜 하영쌤! 유빈쌤! 제가 뽑은 오답의 문제는 2번 문제를 뽑았습니다! 사진으로 참고하시면 되겠고요! 제가 뽑은 깨달았던 문제는 1번 문제를 뽑았습니다! 계산풀이과정이 길지만! 스스로 풀어보니까! 맞혔더라고요! 예쁜 하영쌤! 유빈쌤! 제가 개인적으로 포장조립일도 하고 있습니다! 일 끝나고 밤에 공부하러 올게요! 끝까지 파이팅!♡♡♡♡♡♡,스페셜
32,정유빈,4354,박*수,23.08.15,45,"[2024 수능완성] 이하영, 정유빈의 수학+확률과 통계(유형편)",수완수학 유형편 5강 후기!,예쁜 하영쌤! 제가 뽑은 오답의 문제는 31번 문제를 뽑았습니다! 함수에 관련된 문제데요! 헷갈렸습니다! 제가 뽑은 깨달았던 문제는 32번을 뽑았습니다! 상수에 있는 함수에 관련된 문제데요! 제가 스스로 집중해서 풀어보니까! 맞혔더라고요! 1주제 모든 문제풀이 끝났습니다! 하영쌤!!!!!,5점
33,정유빈,4354,박*수,23.08.15,25,"[2024 수능완성] 이하영, 정유빈의 수학+확률과 통계(유형편)",수완수학 유형편 4강 후기!,"예쁜 하영쌤! 제가 뽑은 오답의 문제는 26번 문제를 뽑았습니다! 부등식에 관련된 문제데요! 헷갈렸습니다! 제가 뽑은 깨달았던 문제는 23번 문제를 뽑았습니다! 상수에 관련된 문제데요! 제가 스스로 계산해서 풀어서 채점보니까!
맞혔더라고요! 5강에 가서 더 집중하겠습니다! 파이팅!!!!!",5점
34,정유빈,4354,박*수,23.08.13,24,"[2024 수능완성] 이하영, 정유빈의 수학+확률과 통계(유형편)",수완수학 유형편 3강 후기!,예쁜 하영쌤! 제가 뽑은 오답의 문제는 19번 문제를 뽑았습니다! 지수법칙 활용에 대한 문제였는데 아쉽게도 헷갈렸습니다! 제가 뽑은 깨달았던 문제는 18번 문제를 뽑았습니다! 스스로 계산해서 풀어보니까! 맞혔더라고요! 4강에 가서 더 집중해서! 끝까지 잘 듣겠습니다! 파이팅!♡♡♡,5점
35,정유빈,4354,박*수,23.08.13,27,"[2024 수능완성] 이하영, 정유빈의 수학+확률과 통계(유형편)",수완수학 유형편 2강 후기!,"예쁜 하영쌤! 제가 뽑은 오답의 문제는 13번 문제를 뽑았습니다! 지수법칙에 관련된 문제였고요! 제가 뽑은 깨달았던 문제는 14번 문제를 뽑았습니다! 와! 이거는 지수법칙에 관련된 문제데요! 제가 스스로 계산해서 풀어보니까!!!
맞혔더라고요! 3강에 가서 더 집중해서! 공부하겠습니다!!",5점
36,정유빈,4354,박*수,23.08.13,37,"[2024 수능완성] 이하영, 정유빈의 수학+확률과 통계(유형편)",수완수학 유형편 1강 후기!,"예쁜 하영쌤! 제가 뽑은 오답의 문제는 5번을 뽑았습니다!
지수함수에 관련된 문제데요! 스스로 풀지 못해서 헷갈렸습니다! 제가 뽑은 깨달았던 문제는 1번을 뽑았습니다! 와! 스스로 머리 속으로 암산해서 계산해서 풀어보니까!! 맞혔더라고요! 2강에 가서 더 집중해서! 듣겠습니다! 파이팅!!!",5점
37,정유빈,4354,이*은,23.07.31,110,"[2024 수능완성] 이하영, 정유빈의 수학+확률과 통계(유형편)",하영쌤 혹시 자료 올려주실 수 있으실까요?ㅠㅠ,손풀이 해설이 2단원까지밖에 안 나와있어서요ㅠㅠㅠ 혹시 부탁드려도 될까요??ㅠㅠ,5점
38,정유빈,4354,김*우,23.07.31,113,"[2024 수능완성] 이하영, 정유빈의 수학+확률과 통계(유형편)",선생님 오랜만입니다 미적으로 갈아탄 저입니다,"그때 유빈쌤께서 가끔 올려달라해서 올려봅니다
선생님들 감사했습니다 그리고 확통을 놔버려서 죄송합니다",1점
39,정유빈,4354,백*진,23.07.26,87,"[2024 수능완성] 이하영, 정유빈의 수학+확률과 통계(유형편)",답 오류!,"37강 이항정리 21번 문제에서
답이 114인데 112로 잘못 적으신 것 같아요ㅠㅠ (a=2를 안 더해서 그렇게 된 것 같아요..!) 수정이 필요한 부분인 것 같아 적습니다!!

항상 감사합니다!!",5점
40,정유빈,4354,이*별,23.07.17,89,"[2024 수능완성] 이하영, 정유빈의 수학+확률과 통계(유형편)",감사합니다!,"안녕하세요 선생님들!
정유빈 선생님께는 두번째,이하영 선생님께는 처음 수강후기 남깁니다!
일단 끝까지 가자는 약속도 지키고,얻어가는것도 많은거같아 제 자신도 조금 뿌듯한거같습니다!
그리고 두분 다 너무 친절하게 알려주시고 잊을법한 개념들도 다시 꺼내주셔서 너무 감사드립니다!
제가 수능공부를 시작한지 근 1년이 되어가는데 처음과 시선이 많이 달라졌다는걸 느낍니다.
같이 선수생활했던 친구들,선배,후배, 같이 군생활했던 동기,선후임 다들 첨엔 “한번 해봐 그래도 힘들걸?” 느낌의 시선이였다면 끝까지는 아직 아니지만 꾸준히 해오는걸 다들 보면서 놀라기도히고
자극도 받는거같고 합니다! 그래서 더 꾸준히 하게되는것도 있는거같구요.
요새는 축구가 힘드냐 군생활이 힘드냐 공부가 힘드냐? 라고 질문도 많이 받습니다ㅋㅋㅋ
처음엔 고민해서 대답하기도했는데 세네번 대답하다보니 정확한 답이 나오는거같습니다.
지금 내가 하고있는게 제일 힘들다. 가 맞는 말인거같습니다.
그래서 더욱 선생님들께 감사하구요!
이하영 선생님께사 강의 도입부에 해주시던 좋은 말씀, 정유빈 선생님의 중간 쉬는시간에 해주시는
힘나는 한마디 덕분에, 그리고 진심으로 가르쳐주시는 마음덕분에 제가 지금까지 온거 같습니다.
앞으로도 120일 남짓 남은시간 잘 부탁드리고 잘 따라가겠습니다!
덥고 습한 날씨에도 강의 잘해주셔서 너무 감사합니다! 감기 조심하시고 다음에 또 뵙겠습니다!",스페셜
41,정유빈,4354,변*윤,23.07.09,102,"[2024 수능완성] 이하영, 정유빈의 수학+확률과 통계(유형편)",선생님께 ),"선생님 저*윤이에요.  )
선생님 즐거운주말 /저녁보내세요.~^^~  )",5점
42,정유빈,4354,변*윤,23.07.06,78,"[2024 수능완성] 이하영, 정유빈의 수학+확률과 통계(유형편)",선생님께 ),"선생님 저*윤이에요.  )
선생님 즐거운하루/저녁보내세요.♡ ~)",5점
43,정유빈,4354,주*재,23.06.27,103,"[2024 수능완성] 이하영, 정유빈의 수학+확률과 통계(유형편)",선생님,선생님수2에서불연속곱하기연속=연속이 되려면  왜 연속=0  이 되어야 하나요  이유를  설명해주세요,5점
44,정유빈,4354,박*연,23.06.10,193,"[2024 수능완성] 이하영, 정유빈의 수학+확률과 통계(유형편)",선생님 강의 탑재 일정이 정해져있을까요?,강의가 언제마다 올라오는지 알고 싶습니다,5점
45,정유빈,4354,주*재,23.06.09,116,"[2024 수능완성] 이하영, 정유빈의 수학+확률과 통계(유형편)",선생님,"이하영선생님  삼각함수에서빗변>밑변,높이길이
빗변길이<밑변길이+높이길이  이렇게되는이유가먼지설명해주세요",5점
46,정유빈,4354,이*호,23.06.03,243,"[2024 수능완성] 이하영, 정유빈의 수학+확률과 통계(유형편)",감사인사 겸 고민(feat. 3등급ㅠㅠㅠ),"(수능특강 강의에도 남겼던 글입니다. 보신다면 둘 중 하나의 게시판에 꼭 답글 남겨주시면 감사하겠습니다.)

안녕하세요 저는 수능개념에 이어 수능특강도 선생님 강의를 들으면서 공부하고 있는 재수생입니다 정말 뼛속까지 문과인 성향이라(머리 진짜 못 쓰고 조금만 바뀌면 이게 뭐야? 하면서 못 건드리거나 중간에 턱 막혀요 그나마 수포자는 아니라 중등~ 고1까지의 개념은 다 알고 있고 해설을 들으면 다 알아듣기는 해요 다만 어려운 문제에서는 혼자 그걸 끄집어내는 게 잘 안 돼요 특히 도형 나오는 삼각함수의 활용 같은 부분에서요) 작년까지는 4점 문항은 손도 못 대겠다 싶어 3점만 다 맞추고(선택과목은 확통인데요 그것도 원래 머리를 못 써서 더 열심히 했어야 했는데 하기 싫다는 핑계로 게을리 하느라 맨 앞 23, 24번만 맞는 상황이었답니다ㅠ) 해서 늘 찍어서 잘 맞는 게 아닌 이상은 늘 5등급밖에 못 받았어요 작년 수능도 42점이었고요(풀어서 맞은 문제: 1~8, 16~19, 23, 24 확통에서(?)찍어서 3점 하나 맞았어요) 그래도 올해 들어와서는 정말 제대로 해 보자 싶어 선생님 강의 충실히 들으면서 열심히 쫓아가고 있어요 친절하고 꼼꼼한 풀이 덕에 수학머리라고는 1도 없는 저도 쉽게 알아듣고 체화하는 데 많은 도움을 받고 있답니다 ㅎㅎ

수능개념에 있는 어려운 문제들 복습은 진도를 일단 빼 놔야 할 것 같아 아직 못 했지만 본격적으로 기출문제를 풀기 전 다시 수능개념 교재의 그 문항들 반복해서 풀어보려고 해요 그래도 선생님 말씀처럼 어디가 그래도 할 만 한지 어디가 너무 힘든지는 분류해 놓았어요(전 개인적으로 단원에 상관없이 머리를 쓰는 추론 문제에 역시 약하더라고요 그래프의 개형 그리는 문제, 수학적 귀납법 문제, 삼각함수의 도형 활용 문제 등이요 그나마 계산만 좀 많이 걸리거나 어느 정도 매커니즘이 보이는 문제들은 4점이라도 꽤 고민하면 (삽질로라도) 풀리는 게 몇 개 있더라고요- 작년 9월 모평 9번(삼각방정식), 작년 6월 모평 12번 문제(합의 기호 시그마와 등차수열)처럼요) 그 대신 수능특강은 부지런히 풀어서 공통과목은 6평 전까지 최대한 2회독(수학 1은 삼각함수의 그래프까지, 수학 2는 부정적분과 정적분까지요)을 했어요 그 덕인지 그저께 시험에서 1~8, 16~19번은 물론 9, 10, 11, 14(14번은 3번으로 찍어서 맞았어요;;)번을 다 맞아서 공통과목에서만 무려 16점을 올릴 수 있었어요 선택과목에서도 제가 주특기인 이항정리랑 그래도 쉬워 보이는 확률 문제가 한 개(27번) 나와서 23, 24, 26, 27번에서 11점(여기서는 그래도 6점 올렸어요)도 얻어 갔고요 난생 처음으로 61점을 받아서 정말 기뻤고 선생님께 감사하다는 말씀 드리고 싶었어요 남들에게는 뭐 그리 유세 떨 일이냐고 할지 모르겠지만 작년까지는 4점에서도 잘 맞아야 한 개였거든요 정말 하면 되는구나, 노력은 배신하지 않는구나 이걸 몸소 느꼈어요 고3 난이도의 시험에서 난생 처음 4등급은 나오겠다 싶어 정말 신나기도 했고요^^ 

그래서 이젠 수능특강 2회독 못 한 부분 빨리 끝내고 수능개념의 어려운 문항들 다시 복습한 뒤 기출문제 풀이, 수능완성 문항 풀이, 수능특강 n회독을 하면 되겠죠? 처음엔 너무 욕심내지 않고 킬러가 아닌, 그래도 손 대 볼 만한 4점 위주로 열심히 공략해 볼게요 이러면 수능에서 3등급이라도 받을 수 있을까요?ㅠㅠㅠ sky나 서성한처럼 엄청 높은 대학을 지망하는 건 아니라 국어, 영어, 한국사, 탐구(생윤, 윤사)를 거의 만점에 가깝게 올려 놓으면 수학이 좀 부족해도 그럭저럭 커버는 될 것 같은데, 다른 건 제대로만 하면 금방 오르던데 수학이 너무나 막막해서요ㅠ '가, 나형으로 나누어져 있을 시절에 수능을 봤다면 2등급까지는 그래도 받을 수 있었을 텐데 몇 년만 일찍 태어날 걸' 이런 생각도 엄청 많이 하거든요 참고로 제 목표 대학은 춘천교대랍니다 올해는 정말 교대에 꼴찌로라도 들어가고 싶어요ㅠ

p.s 아 그리고 이번 6평의 9번 문제 선생님 덕에 맞힐 수 있었다는 것 정말 감사했어요 수능개념 280쪽 11번 문제를 꽤 고민했지만 못 풀고 선생님 해설을 들었는데 복잡한 부분은 bk처럼 다른 수열로 치환하면 된다고 알려 주셔서 이번에는 단숨에 '복잡해 보이는데 치환이나 해 볼까?' 라는 생각을 했고 ak를 빠르게 구할 수 있었어요 또 수능특강 수학 1 100쪽 2번 문제도 그렇게 풀었더니 해결됐고요 이번에는 앞에 있는 4점 문제들이 좀 쉬운 덕도 있었을지 모르겠지만 9번 문제의 스타트가 좋아서인지 10번(여기서 계산실수만 안 했다면 12번도 건드려 봤을 텐데ㅠ), 11번까지 갈 수 있었어요 
쓰다 보니 글이 너무 길어졌네요 그래도 답장 주신다면 정말 감사할 것 같아요 앞으로도 지금까지 해 왔던 대로, 아니 그 이상 묵묵하고 성실하게 나아갈게요 다시 한 번 고맙습니다♡",5점
47,정유빈,4354,심*수,23.06.03,77,"[2024 수능완성] 이하영, 정유빈의 수학+확률과 통계(유형편)",수학 종합,이하영 선생님 안녕하새요 저는 심휘수라고 함니다  오늘 선생님의 강좌 1강 너무 잘들었슴니다,5점
48,정유빈,4354,변*윤,23.05.29,132,"[2024 수능완성] 이하영, 정유빈의 수학+확률과 통계(유형편)",선생님께 ),"(~선생님저*윤이에요.
선생님  즐거운주말/저녁보내세요.~ 즐거운
황금연휴(~5/28~5/29~)까지보내세요.~)",5점
49,정유빈,4354,박*수,23.05.25,165,"[2024 수능완성] 이하영, 정유빈의 수학+확률과 통계(유형편)",하영쌤! 유빈쌤! 수완수학 입성!,하영쌤! 유빈쌤! 제가 드디어 수특확통을 끝내고 수완수학으로 입성했어요! 수완수학도 더 집중해서 잘 풀겠습니다! 제가 개인적으로 일터를 이직했어요! 포장조립으로!,5점
50,정유빈,4354,이*은,23.05.25,197,"[2024 수능완성] 이하영, 정유빈의 수학+확률과 통계(유형편)",진짜 완벽한 조합..,"라인업 올라왔을때부터 이건 미쳤다 대박이다 생각하고 있었는데 두분의 조합 정말 웅장합니다.. 아직 강의를 듣지 못했지만 정말 완벽한 조합이에요… 수능개념부터 수능특강까지(특강은 아직 조금 남아서 더 들어야 해요..ㅋㅋ)  두 선생님 커리 따라왔는데 이렇게 두분이서 함께 유형편 강좌를 해주시다니요!ㅠㅠ ㅠ 하영쌤 유빈쌤, 유빈쌤 하영쌤 제가 정말 너무너무 사랑합니다.. 으아아아 진짜 너무 기대돼요!! 남은 수특 강의 얼른 마무리 짓고 수완 들으러 달려올게요!!
하영쌤의 꼼꼼하고 다정한 풀이! 유빈쌤의 재밌고 확실한 풀이! 기대할게요!!",5점
51,정유빈,4354,변*윤,23.05.25,109,"[2024 수능완성] 이하영, 정유빈의 수학+확률과 통계(유형편)",선생님께 ),선생님 즐거운하루보내세요.,5점
52,정유빈,4354,김*현,23.03.31,89,[2024 내신만점 수능특강] 정유빈의 확률과 통계,선생님께 조언을 구하고 싶은 부분이 있습니다!!,"유빈쌤 안녕하세요!!! 수능개념, 수특을 완강하고 내신까지! 선생님과 함께 달려가고 있습니다!!! ㅎㅎ 너무 좋아요 선생님을 계속 만날 수 있다는 점이.. 일반 수특강의에서 다뤄주시지 않았던 고난도 문제까지 같이 풀이를 해주시니 더욱 즐겁고 유익하게 수강하고 있습니다!!! 
그런데 제가 약간 헷갈리는 부분이 생겨서용.. ㅠㅠ 중복조합 문제 풀이에 관련해서 입니다..! 제가 중복조합은 개념 때부터 공과 칸막이로 푸는 것에 완전히 익숙해져 있어서 모든 중복조합 유형 문제는 그런식으로 접근을 하려 하는데, 요즘 학교에서 기출문제집 한 권을 부교재로 선정해서 수업을 듣고 있는데, 몇몇 문제들을 풀다보면 어떤 것들은 처음부터 해설에 H 기호를 이용해서 답을 구하는 것들이 종종 나오더라구요..! H 기호의 개념과 계산하는 방식은 물론 알지만, 공과 칸막이에 익숙해져 있어서 무조건 그것부터 이용을 하는데, 어떤 빈칸 채우기 유형 문제에서는 처음부터 H기호를 써야지 문제에서 주어진 조건을 활용하기 더 좋게 답이 나오는 경우도 있는 것 같구, 공과 칸막이로도 쉽게 풀리지만 답지해설을 또 보면 H기호로 간략히 풀이되어 있는것도 대다수더라구용..! 그래서 어떤 경우에 중복조합문제를 풀 때 단순히 H에 관련한 식계산문제로 딱 나온게 아니더라도, H기호를 이용해서 풀어야하는 것인지 궁금합니다..! ㅠㅠㅠㅠ 그리고 선생님께서 가르쳐주신대로 공과 칸막이가 익숙하고, 숫자에서 헷갈리지도 않고 눈에 딱 보여서 좋은데, H기호로도 푸는 연습을 하는게 나을까용..?
늘 선생님께 확통에서 큰 도움을 받고 있습니다!!! 수능과 내신! 모두 다 꼭 열심히 해서 좋은 결과를 얻어내겠습니다!!! 항상 감사합니다♥",5점
53,정유빈,4354,김*현,23.03.24,85,[2024 내신만점 수능특강] 정유빈의 확률과 통계,수능특강,선생님저 수능득강듣고있어요,스페셜
54,정유빈,4354,김*정,23.03.23,29,[2024 내신만점 수능특강] 정유빈의 확률과 통계,5강,5강 완료~,5점
55,정유빈,4354,은*,23.03.21,34,[2024 내신만점 수능특강] 정유빈의 확률과 통계,14강,언제 올라오나요?,5점
56,정유빈,4354,이*은,23.06.24,29,[2024 수능특강] 정유빈의 확률과 통계,유빈쌤,선생님 항상 응원도 해주시고 너무 감사해요~ 담주 월요일부터 9월모평 신청기간이 시작이던데요. ,5점
57,정유빈,4354,이*영,23.06.21,47,[2024 수능특강] 정유빈의 확률과 통계,미적분이지만 완강,미적만 3개틀려서 6평 88점을 맞고 확통으로 바꾸기로했습니다. 확통은 확실히 쉽네요 감사합니다.,스페셜
58,정유빈,4354,이*은,23.06.21,24,[2024 수능특강] 정유빈의 확률과 통계,유빈쌤,선생님 수학은 그래프도 열심히 그려봐야 해요~,5점
59,정유빈,4354,이*은,23.06.19,27,[2024 수능특강] 정유빈의 확률과 통계,선생님,선생님 이름이 유빈쌤이라서 걸그룹 원더걸스 유빈 생각이 나요. 저는 걸그룹을 좋아해요. 9월모평 좋은결과 얻고 싶어요.,5점
60,정유빈,4354,황*솔,23.04.08,1015,[2024 수능특강] 정유빈의 확률과 통계,유빈쌤이 좋아서 한달만에 수개수특 완강 여행💗," 유빈쌤 안녕하세요!
저는 꿈에 다시 도전하게 된 제자입니다!!

 고등학생 때 선생님의 확통강의로 내신공부를 했었는데요. 당시에도 재밌게 공부했던 기억이 나서 수능공부를 해야겠다고 마음먹었을 때 고민도 없이 선생님의 강의를 선택했어요!

 선생님의 긍정적인 마인드를 보면서 마음을 다시 다잡을 수 있었고, 정말 재밌게 공부할 수 있었어요. 과거와 현재 그리고 미래의 여행이라는 키워드도 너무 와닿고 좋았던 것 같아요. 공부만 하다 보면 가끔 잊게 되는 것들을 다시 한번 상기하고, 고민해 볼 수 있는 시간이 생긴 것 같아 강의를 보면서도 힐링이었어요. 세상에 자신이 정말 좋아하는 일을 하면서 사는 사람이 몇 명이나 있을까 고민한 적이 있는데, 딱 유빈쌤이신 것 같아요!! 수업을 하시는 모습이 정말로 즐거워 보이셔서 강의를 보는 내내 제 입꼬리도 내려오지 않았어요😆 과장 일도 없이!

 저도 선생님처럼 좋아하는 일을 하는 사람이 되고 싶어 다시 수능을 도전합니다! 절대 쉬운 길은 아닐 테지만 저는 제 잠재력을 믿거든요!!! 근거 없는 자신감이 되지 않도록 앞으로도 꾸준히 공부하겠습니다!

수특 완강 후에 지금 2회독 중인데 강의에서 수강후기를 남겨달라는 말씀이 생각나서 적어봤어요😆 처음 배울때는 접근조차 못했던 문제들이 2회독할 때 풀리는 경험을 하고 놀라는 중이랍니다! 문제에서 선생님의 목소리가 들려요ㅋㅋㅋ 유빈쌤께서 외우지 않고 이해를 할 수 있도록 알려주셔서 그런 것 같아요! 좋은 강의 감사합니다💗💗

 봄인데도 날씨가 풀릴락 말락 일교차가 심하던데 감기 조심하시고 오늘도 좋은 하루 보내세요🫶🏻",베스트
61,정유빈,4354,유*히,23.03.20,294,[2024 수능특강] 정유빈의 확률과 통계,마음이 몽글몽글해지는 유빈쌤,"정말 신기하게도 유빈쌤 강의를 들으면 위로가 되고 자신감이 생겨요. 정말 힘들고 의욕이 없는 날 강의를 틀면 유빈쌤이 소소한 행복을 만들어보라고 말해주시고, 다음날 상담이 있어서 떨리고 자존감 낮아지는 날에는 유빈쌤의 상담이야기를 들으며 차분하게 공부할 수 있었어요. 이거 말고도 위로 받은 적이 엄청 많은데 저에게 그날 그날 필요한 말들을 강의에서 해주시는게 너무 신기한거 있죠!! 마치 강의가 제 오늘 기분을 다 알고 있는거 같은 기분도 들어요.. 항상 자신감을 주시는 유빈쌤 덕분에 수학 포기하지 않고 열심히 할 수 있을 것 같아요. 감사합니다.!!",베스트
62,정유빈,4354,서*교,23.03.13,871,[2024 수능특강] 정유빈의 확률과 통계,선생님 덕분에 대학갔습니다 .. 감사합니다,"제가 게으름과 안좋은 쪽으로 완벽주의(계획만 세우다가 실행을 안하는)가 심해서

수능 두달전까지 공부를 아예 안했어요.. 
과장하거나 수사적인 표현이 아니라 정말 2년넘게 책을 펴보지도 않았어요ㅠ


국어 영어 사회 과목은 그래도 예전에 조금이라도 해놓은 베이스가있어서 하려면 할수있을거 같다는 근거없는 자신감이 있었지만

수학은 정말 손도 대기 싫더라고요 ㅠㅠ  기본적인 근의공식 조립제법 이런것도 기억 하나도 안나고

그러다가 그래도 수특 이라도 한번 풀어봐야겠다는 생각에 사서 독학하는데 너무 막혀서 좌절하고 있다가

선생님 강의를 듣게되었고 감도 안오는게 이해가 되기 시작했어요 ㅜㅜ  

특히나 예전부터 확통이 너무 이해가 안갔는데 선생님덕분에 이해했습니다

두달 짧은 시간동안 선생님 수특 강의 2~3번 돌려보고 최근 기출중 쉬운4점 3점만 돌렸는데

수능에서 3점짜리는 다맞추고 4점짜리도 몇문제 맞춰서 생각보다 좋은 성적을 받았어요


개인적으로 대학은 인서울은 광명상가 라인까지나 광역시에있는 지거국 아니면 진학할 생각이 없었는데

인서울 대학 한곳과 대전 광역시에 있는 지거국 원하는과 한곳에 합격해서 집 가까운 지거국에 진학했어요
학비도 무료고 교수님이랑 시설도 좋고 개강한지 이제 2주지만 너무 만족하면서다니고있어요
  다시 생각해봐도 선생님이 아니였으면 아예 수학공부도 손놓고 포기했을거에요 ㅜㅜ 


정말 90%는 정말 선생님 덕이고 나머지는 윤리 과목가르치는 최양진 선생님 덕분같아요


감사합니다ㅜㅜ",베스트
63,정유빈,4354,이*현,23.03.11,976,[2024 수능특강] 정유빈의 확률과 통계,최고의 확통 선생님!!유빈쌤 사랑해요💕," 유빈쌤 안녕하세요! 작년에 제가 현역일때도 수능특강 강의를 들었었는데 재수를 하기로 결심하고 나서 보게 된 선생님의 수능특강 확통까지 완강하였습니다! 사실 수학을 좋아하지도 않고 잘하지도 못하는 편이라서 수학에 대해 부정적인 생각들을 많이 가지고 있었는데요, 적어도 확통만큼은 선생님과 함께하는 동안 재밌고 도전과제처럼 느끼면서 즐겁게 할 수 있었어요! 사실 선생님 보고 싶은 마음에 하루에 3~4강씩 수강하다보니까 이주 만에 완강을 하게 되었어욥 ㅎㅎ
 선생님께서는 보는 사람도 기분이 좋아지는 귀여움과 긍정적인 에너지를 가지고 계셔서 그냥 강의만 보는 건데도 선생님 보면서 힐링도 되고 마음도 긍정적으로 가지려고 노력하는 태도도 가지게 되었어요 감사합니다. !! 설명이나 판서나 뭐 말할 것도 없이 친절하기도 하고 깔끔하기도 해서 그냥 믿고 봤고 선생님 이름 세글자 보자마자 들어와서 어! 수특 확통 유빈쌤이다! 하고 들었던 거 같아요 ㅎㅎ
 사실 재수생이다 보니까, 그리고 과목들 중에서 수학이 가장 어렵게만 느껴지는 사람으로서 선생님 강의 들으면서 확통만큼은 전보다 명료하고 자세하게 딱 필요한 실전 개념들을 적용해볼 수 있겠다는 희망적인 마음이 들었어요!!! 선생님 덕분입니다,, 감사해요 ㅠㅠ
중간중간 저희에게 필요한 얘기들도 해주시고, 항상 시작과 끝도 밝고 귀여운 모습으로 나타나주시는 선생님이 계셔서 제가 확통 만점을 향해 달려나갈 수 있는 힘을 채웠어요! 그 힘으로 쭉 확통 만점을 향해 노력해보겠습니다!!
 사실 수강후기를 남기는 것 말고는 소통할 다른 방법을 찾지 못해서 이렇게 수강후기 처음 남겨보는데요, 선생님을 볼 수는 없지만 이렇게나마 이야기를 전할 수 있어서 기뻐요. 한 가지 여쭤보고 싶은 게 있는데 혹시 4~5등급 학생에게 권장하시고 싶은 수능 수학 학습법이라던가 지침이라던가 충고라던가 그런 말씀 해주실 수 있나요..? 주변에 따로 선생님이나 멘토님 같은 분들을 두고 있지 않아서 조언을 구할 방법이 없어서요.. 선생님이 생각하실 때 포괄적으로 어떻게 학습하면 좋을지 의견을 여쭤보고 싶습니다.
 앞으로 유빈쌤이 어떤 강의를 찍으시던 저희와 쭉 함께 갈 거라고 하셨으니 그말을 믿고! 저도 제 자리에서 유빈쌤에 걸맞는 성실한 제자가 되도록 열심히 포기하지 않고 노력하겠습니다! 우는 날이 많더라도 포기는 않겠습니다!!o(*￣︶￣*)o 유빈쌤 올 한 해 건강하고 행복하게 보내시길 바랄게요!! 사랑해요❤️",베스트
64,정유빈,4354,최*영,23.06.12,37,[2024 수능특강] 정유빈의 확률과 통계,오랜만...,"너무 오랜만이죠?? 너무 보고싶었어요ㅠㅠㅠ 샘
수강후기는 오랜만에 올리는 거긴 하지만, 저는 샘을 화면속에서는 거의 맨날 만나뵜었답니당>< 샘 수2 강의도 듣고 수1 강의도 듣구 확통 강의도 듣구!! 거의 모든 수학을 샘이랑 함께 했었죠..ㅎㅎ
샘 덕분에 빠르게 문제를 푸는 방법들, 문제 스킬들을 배울 수 있었구 그 방법들 적용해서 문제도 쉽게쉽게 풀렸던 것 같아요.. 진짜 샘 강의가 티비보다 더 재밌어요ㅋㅋㅋㅋㅋ 정말 감사해요..!! 
수강후기로 제가 많이 등장 못해도 전 샘을 강의에서 맨날 지켜보고 있답니다!! 샘두 저 계속 지켜봐주세요!! 
저 곧 기말고사인데.. 저 응원해주세요!! 시험 아는 것만이라도 다 맞추고 올게요~🥰🥰❤️",5점
65,정유빈,4354,이*은,23.06.10,29,[2024 수능특강] 정유빈의 확률과 통계,선생님,선생님 이번 6월모평 수학도 너무 어려웠어요. 9월모평은 준비잘해야겠어요^^,5점
66,정유빈,4354,김*우,23.06.10,46,[2024 수능특강] 정유빈의 확률과 통계,수개를 넘어 수특까지 사서 공부하였습니다,"선생님 오랜만입니다
확통공부하다가 미적으로 갈아타버려서 죄송합니다
하지만 저는 선생님과 같이 공부했던 그날을 잊지않겠습니다",5점
67,정유빈,4354,이*은,23.06.07,26,[2024 수능특강] 정유빈의 확률과 통계,유빈쌤,선생님 저는 작년에도 선생님하고 강의를 들었던 재수생인데요. 올해도 선생님하고 같이 강의수업을 듣게되네요^^ 이번 6월모평 수학도 너무 어려웠어요.,5점
68,정유빈,4354,허*림,23.05.28,104,[2024 수능특강] 정유빈의 확률과 통계,일조원의 남자? 다 필요없고 유빈쌤이면 충분,"선생님! 저 기억하실지 모르겠네요...제가 좀 뜸했죠?
제가 늦은 이유는 수특 완강하면서 레벨 3 문제들까지 다 와그작와그작 씹어먹느라....ㅋㅋㅋㅋㅋㅋㅋㅋㅋ
고3 너무너무 힘든데 선생님 강의 듣고 힐링하며 지내고 있었어요! 유빈쌤 강의는 강의 그 이상의 힘이 있는 것 같아요! 힘든 날에도 '에이...30분짜리 확통은 하나 듣자!' 이러면서 강의 들으면 확통 개념+위로까지 받고가는 기분...🫶🫶
이렇게 좋은 강의 만들어주셔서 감사합니다!! 이제 수완으로 가면 되는거죠? 바로 만나요 쌤!! ㅋㅋㅋㅋㅋㅋㅋ
사실 3모 4모때 확통 제일 마지막 문제를 계속 틀려서 너모 아쉬웠는데 이번 6모에서는 꼬오오오옥 만점 받고 올게요!!
수학싫어 문과생을 확통 러버로 만들어주셔서 감사합니다🫶🫶",스페셜
69,정유빈,4354,김*헌,23.05.27,39,[2024 수능특강] 정유빈의 확률과 통계,완강!,재밌었어요 유빈쌤,스페셜
70,정유빈,4354,이*서,23.05.25,27,[2024 수능특강] 정유빈의 확률과 통계,9강후기,굳굳 ,5점
71,정유빈,4354,이*서,23.05.25,21,[2024 수능특강] 정유빈의 확률과 통계,8강후기,"아 정유빈 기장님 잘 듣고 있습니다 

너무 귀여우세요 햄스터 닮으셔서 너무 좋아요",스페셜
72,정유빈,4354,성*은,23.05.23,51,[2024 수능특강] 정유빈의 확률과 통계,38강질문(강의 오류),"선생님 예제4번에 19.96+1.96~이렇게 적어야 하는거죠?
선생님 잘못 적으신것 같아서 글 남겨요!!!!!!",5점
73,정유빈,4354,박*아,23.05.18,35,[2024 수능특강] 정유빈의 확률과 통계,유빈쌤과 겨울방학때 공부하고 중간고사 후기 두둥~,안뇽하세요 저는 고3 올라오기 전 겨울방학때 매일매일 유빈쌤 강의를 들으며 확통을 열씨미 공부햇엇는데욥..ㅎ 지금 계정이 바껴서 진도율이 낮게 나오네요 ㅠ 쨋든 윈터스쿨에서 힘들었지만(문제 안풀려서 눈물 흘리면서 푼 기억이 나네여..ㅜ 추억) 참고 쌤과 함께 공부하고 오늘 중간고사 성적표가 나왔답니다 두둥~ 결과는~ 간신히 2등급 등수 달성했어욤!! 너무 기뻐서 숨도 안쉬어지는 줄 알앗네요 ㅎㅎㅎ 유빈쌤 덕분이랍니다!! 근데 좀 간당간당해서 기말때 더 잘봐야 해요..ㅎㅎㅎ 응원해주세용!!! 쌤 덕에 처음 보는 확통 개념이나 감 같은거를 익힐 수 있었구 뭔가 편하게~ 설명해주셔서 저도 막 심각하게 안받아들이고 최대한 머리로 생각해서 체계적으루 푸는 방법을 익힐 수 있었어요 ㅎㅎㅎ 저는 다시 기말고사 공부하러.. 총총총 🥰🥰😘💯점 기원!!,5점
74,정유빈,4354,박*연,23.05.18,42,[2024 수능특강] 정유빈의 확률과 통계,선생님은 너무합니다!♡♡♡,"선생님,왜 이렇게 귀여우세요? 선생님 너무 귀여워요 진짜.. 특히 선생님이 웃으면서 말씀하실때 진짜 뭐랄까 모찌토끼의 인간화 같아요... 그리고 판서도 너무 잘하시고 설명도 잘하셔서 울면서 들어요... 
제가 유튜브를 끊어서 요즘은 거의 선생님 강의를 봐요! 딱 5분만 들어야지 하는 마음으로 듣다 보면 멈춰서 문제도 풀고 강의도 듣게 되는 것 같아요.그리고 좋은 말도 너무 많이 해주셔서 좋아요.가족도 주변 사람들도 어렸을때부터 다들 저에게 마음 아프게 하는 행동을 많이 했는데,선생님은 그런 기억들을 뒤로 하고 앞으로 나아갈 수 있게 해주셔서 요즘 좀 울컥했어요 ㅎㅎ 선생님 말씀대로 요즘은 저랑도 좀 친하게 지내려고 노력하고,공부랑도 친하게 지내려고 하고 있어요! 수능 멋지게 보고 와서 다시 후기 남길게요(꼭이요!!) ",5점
75,정유빈,4354,이*서,23.05.17,30,[2024 수능특강] 정유빈의 확률과 통계,5강후기,후..어렵지만 유빈쌤과 같이해서 좋다v ^_^!v,5점
76,정유빈,4354,이*서,23.05.15,41,[2024 수능특강] 정유빈의 확률과 통계,3강까지 들으며,짧고 복습용으로 좋아요!!!,5점
77,정유빈,4354,박*수,23.04.29,85,[2024 수능특강] 정유빈의 확률과 통계,유빈쌤! 드디어 40강 수특확통 완강!,유빈쌤! 제가 드디어 수특확통을 재완강했어요! 유빈쌤의 강의를 들어보니까! 많이 깨달았습니다! 유빈쌤! 제가 작년에 38강을 가지고 수특확통을 완강했었는데요! 올해 40강도 완강의 영광을 누릴 수 있게 되서 설레이고 대단히 기분이 좋습니다! 유빈쌤 덕분에 수완수학에 재입성해서! 수업 잘 듣고! 열심히 공부해서 꼭 퀴즈왕이 되겠습니다!!! 수완수학 재입성할 때 봐요! 끝까지 파이팅!!!♡♡♡♡♡♡,5점
78,정유빈,4354,박*수,23.04.29,26,[2024 수능특강] 정유빈의 확률과 통계,수특확통 39강 후기!,유빈쌤! 레벨1에 있는 문제들을 풀어보니까! 어렵지 않았고요! 풀 만 했습니다! 완강이 1강 코앞이니까! 파이팅!!!♡,5점
79,정유빈,4354,황*솔,23.04.08,1016,[2024 수능특강] 정유빈의 확률과 통계,유빈쌤이 좋아서 한달만에 수개수특 완강 여행💗," 유빈쌤 안녕하세요!
저는 꿈에 다시 도전하게 된 제자입니다!!

 고등학생 때 선생님의 확통강의로 내신공부를 했었는데요. 당시에도 재밌게 공부했던 기억이 나서 수능공부를 해야겠다고 마음먹었을 때 고민도 없이 선생님의 강의를 선택했어요!

 선생님의 긍정적인 마인드를 보면서 마음을 다시 다잡을 수 있었고, 정말 재밌게 공부할 수 있었어요. 과거와 현재 그리고 미래의 여행이라는 키워드도 너무 와닿고 좋았던 것 같아요. 공부만 하다 보면 가끔 잊게 되는 것들을 다시 한번 상기하고, 고민해 볼 수 있는 시간이 생긴 것 같아 강의를 보면서도 힐링이었어요. 세상에 자신이 정말 좋아하는 일을 하면서 사는 사람이 몇 명이나 있을까 고민한 적이 있는데, 딱 유빈쌤이신 것 같아요!! 수업을 하시는 모습이 정말로 즐거워 보이셔서 강의를 보는 내내 제 입꼬리도 내려오지 않았어요😆 과장 일도 없이!

 저도 선생님처럼 좋아하는 일을 하는 사람이 되고 싶어 다시 수능을 도전합니다! 절대 쉬운 길은 아닐 테지만 저는 제 잠재력을 믿거든요!!! 근거 없는 자신감이 되지 않도록 앞으로도 꾸준히 공부하겠습니다!

수특 완강 후에 지금 2회독 중인데 강의에서 수강후기를 남겨달라는 말씀이 생각나서 적어봤어요😆 처음 배울때는 접근조차 못했던 문제들이 2회독할 때 풀리는 경험을 하고 놀라는 중이랍니다! 문제에서 선생님의 목소리가 들려요ㅋㅋㅋ 유빈쌤께서 외우지 않고 이해를 할 수 있도록 알려주셔서 그런 것 같아요! 좋은 강의 감사합니다💗💗

 봄인데도 날씨가 풀릴락 말락 일교차가 심하던데 감기 조심하시고 오늘도 좋은 하루 보내세요🫶🏻",베스트
80,정유빈,4354,유*히,23.03.20,295,[2024 수능특강] 정유빈의 확률과 통계,마음이 몽글몽글해지는 유빈쌤,"정말 신기하게도 유빈쌤 강의를 들으면 위로가 되고 자신감이 생겨요. 정말 힘들고 의욕이 없는 날 강의를 틀면 유빈쌤이 소소한 행복을 만들어보라고 말해주시고, 다음날 상담이 있어서 떨리고 자존감 낮아지는 날에는 유빈쌤의 상담이야기를 들으며 차분하게 공부할 수 있었어요. 이거 말고도 위로 받은 적이 엄청 많은데 저에게 그날 그날 필요한 말들을 강의에서 해주시는게 너무 신기한거 있죠!! 마치 강의가 제 오늘 기분을 다 알고 있는거 같은 기분도 들어요.. 항상 자신감을 주시는 유빈쌤 덕분에 수학 포기하지 않고 열심히 할 수 있을 것 같아요. 감사합니다.!!",베스트
81,정유빈,4354,서*교,23.03.13,872,[2024 수능특강] 정유빈의 확률과 통계,선생님 덕분에 대학갔습니다 .. 감사합니다,"제가 게으름과 안좋은 쪽으로 완벽주의(계획만 세우다가 실행을 안하는)가 심해서

수능 두달전까지 공부를 아예 안했어요.. 
과장하거나 수사적인 표현이 아니라 정말 2년넘게 책을 펴보지도 않았어요ㅠ


국어 영어 사회 과목은 그래도 예전에 조금이라도 해놓은 베이스가있어서 하려면 할수있을거 같다는 근거없는 자신감이 있었지만

수학은 정말 손도 대기 싫더라고요 ㅠㅠ  기본적인 근의공식 조립제법 이런것도 기억 하나도 안나고

그러다가 그래도 수특 이라도 한번 풀어봐야겠다는 생각에 사서 독학하는데 너무 막혀서 좌절하고 있다가

선생님 강의를 듣게되었고 감도 안오는게 이해가 되기 시작했어요 ㅜㅜ  

특히나 예전부터 확통이 너무 이해가 안갔는데 선생님덕분에 이해했습니다

두달 짧은 시간동안 선생님 수특 강의 2~3번 돌려보고 최근 기출중 쉬운4점 3점만 돌렸는데

수능에서 3점짜리는 다맞추고 4점짜리도 몇문제 맞춰서 생각보다 좋은 성적을 받았어요


개인적으로 대학은 인서울은 광명상가 라인까지나 광역시에있는 지거국 아니면 진학할 생각이 없었는데

인서울 대학 한곳과 대전 광역시에 있는 지거국 원하는과 한곳에 합격해서 집 가까운 지거국에 진학했어요
학비도 무료고 교수님이랑 시설도 좋고 개강한지 이제 2주지만 너무 만족하면서다니고있어요
  다시 생각해봐도 선생님이 아니였으면 아예 수학공부도 손놓고 포기했을거에요 ㅜㅜ 


정말 90%는 정말 선생님 덕이고 나머지는 윤리 과목가르치는 최양진 선생님 덕분같아요


감사합니다ㅜㅜ",베스트
82,정유빈,4354,이*현,23.03.11,977,[2024 수능특강] 정유빈의 확률과 통계,최고의 확통 선생님!!유빈쌤 사랑해요💕," 유빈쌤 안녕하세요! 작년에 제가 현역일때도 수능특강 강의를 들었었는데 재수를 하기로 결심하고 나서 보게 된 선생님의 수능특강 확통까지 완강하였습니다! 사실 수학을 좋아하지도 않고 잘하지도 못하는 편이라서 수학에 대해 부정적인 생각들을 많이 가지고 있었는데요, 적어도 확통만큼은 선생님과 함께하는 동안 재밌고 도전과제처럼 느끼면서 즐겁게 할 수 있었어요! 사실 선생님 보고 싶은 마음에 하루에 3~4강씩 수강하다보니까 이주 만에 완강을 하게 되었어욥 ㅎㅎ
 선생님께서는 보는 사람도 기분이 좋아지는 귀여움과 긍정적인 에너지를 가지고 계셔서 그냥 강의만 보는 건데도 선생님 보면서 힐링도 되고 마음도 긍정적으로 가지려고 노력하는 태도도 가지게 되었어요 감사합니다. !! 설명이나 판서나 뭐 말할 것도 없이 친절하기도 하고 깔끔하기도 해서 그냥 믿고 봤고 선생님 이름 세글자 보자마자 들어와서 어! 수특 확통 유빈쌤이다! 하고 들었던 거 같아요 ㅎㅎ
 사실 재수생이다 보니까, 그리고 과목들 중에서 수학이 가장 어렵게만 느껴지는 사람으로서 선생님 강의 들으면서 확통만큼은 전보다 명료하고 자세하게 딱 필요한 실전 개념들을 적용해볼 수 있겠다는 희망적인 마음이 들었어요!!! 선생님 덕분입니다,, 감사해요 ㅠㅠ
중간중간 저희에게 필요한 얘기들도 해주시고, 항상 시작과 끝도 밝고 귀여운 모습으로 나타나주시는 선생님이 계셔서 제가 확통 만점을 향해 달려나갈 수 있는 힘을 채웠어요! 그 힘으로 쭉 확통 만점을 향해 노력해보겠습니다!!
 사실 수강후기를 남기는 것 말고는 소통할 다른 방법을 찾지 못해서 이렇게 수강후기 처음 남겨보는데요, 선생님을 볼 수는 없지만 이렇게나마 이야기를 전할 수 있어서 기뻐요. 한 가지 여쭤보고 싶은 게 있는데 혹시 4~5등급 학생에게 권장하시고 싶은 수능 수학 학습법이라던가 지침이라던가 충고라던가 그런 말씀 해주실 수 있나요..? 주변에 따로 선생님이나 멘토님 같은 분들을 두고 있지 않아서 조언을 구할 방법이 없어서요.. 선생님이 생각하실 때 포괄적으로 어떻게 학습하면 좋을지 의견을 여쭤보고 싶습니다.
 앞으로 유빈쌤이 어떤 강의를 찍으시던 저희와 쭉 함께 갈 거라고 하셨으니 그말을 믿고! 저도 제 자리에서 유빈쌤에 걸맞는 성실한 제자가 되도록 열심히 포기하지 않고 노력하겠습니다! 우는 날이 많더라도 포기는 않겠습니다!!o(*￣︶￣*)o 유빈쌤 올 한 해 건강하고 행복하게 보내시길 바랄게요!! 사랑해요❤️",베스트
83,정유빈,4354,박*수,23.04.29,21,[2024 수능특강] 정유빈의 확률과 통계,수특확통 38강 후기!,예쁜 유빈쌤! 모평균의 추정을 들어보니까! 문제가 등장했을 때! 어떤 값이 크고 작은지? 잘 생각해서! 풀어야 겠다!라는 것이 듭니다! 완강이 2강 코앞이니까! 끝까지 파이팅!,5점
84,정유빈,4354,박*수,23.04.29,19,[2024 수능특강] 정유빈의 확률과 통계,수특확통 37강 후기!,유빈쌤! 표본평균의 정규분포표를 들어보니까! 문제가 등장했을 때! 정규분포표를 보고! 더 집중해서! 잘 풀어야겠다! 라는 것이 듭니다! 완강이 3강 코앞이니까! 파이팅!!♡,5점
85,정유빈,4354,박*수,23.04.29,20,[2024 수능특강] 정유빈의 확률과 통계,수특확통 36강 후기!,"유빈쌤! 표본평균의 평,균,포를 들어보니까! 문제가 등장했을 때! 표본평균 분포표를 보고! 더 집중해서! 잘 풀어야겠다! 라는 것이 듭니다! 제가 유빈쌤한테 추천해드리고 싶은 수학적 카페는 아이스 메가리카노를 드셔보시는 것을 추천합니다! 완강이 4강 코앞이니까! 파이팅!!!!!♡♡♡♡♡♡",5점
86,정유빈,4354,박*수,23.04.29,18,[2024 수능특강] 정유빈의 확률과 통계,수특확통 35강 후기!,유빈쌤! 표본평균의 확률분포에 대해 들어보니까! 문제가 등장했을 때! 분포표를 잘 보고! 생각해서! 더 집중해서 잘 풀어야겠다! 라는 것이 듭니다! 완강이 5강 코앞이니까요!!,5점
87,정유빈,4354,박*수,23.04.27,24,[2024 수능특강] 정유빈의 확률과 통계,수특확통 34강 후기!,"유빈쌤! 제가 레벨2 문제들을 풀어보니까!!! 조금 어렵지만 풀 만 했습니다! 제가 개인적 혼자서 카페일을 하는데요!!!!
222잔을 팔아서 하루를 마무리를 지었어요! 완강이 6강 코앞이니까! 끝까지 파이팅!!!!💚💚💚💚💚💚💚💚💚💚",5점
88,정유빈,4354,진*우,23.04.24,49,[2024 수능특강] 정유빈의 확률과 통계,"2,3강 후기","2,3강 같은것이 있는 순열, 길찾기, 중복순열 모두 강의로 들으면 이해가 되는데 스스로 레벨 1 풀어보려니 다시 지우개로 머리속을 싹싹지워버린거 마냥 떠오르지가 않네요......
아하......  수포자가 수학을 다시한다는 것은 진짜 매우 힘든일인거 같습니다..... 이러다 수1 수2는 어찌 할지..... 벌써 심란하군요...
비록 심란해도 어쩌겠습니까.... 그때 안한 제 잘못이죠....
현타가 오지만 잘 한번 풀어보겠습니다... 4강에서 만나요,....",5점
89,정유빈,4354,박*수,23.04.22,30,[2024 수능특강] 정유빈의 확률과 통계,수특확통 33강 후기!,유빈쌤! 레벨1 문제들을 풀어보니까 할 만 하네요! 제가 유빈쌤한테 추천해드리고 싶은 수학적 해외여행은 프랑스에 가면 파리에 가보시는 것을 추천합니다! 거기 가보시면 파리바게트가 있고요! 애펠탑도 있고요! 완강이 7강 코앞이니까! 끝까지 파이팅!!!♡♡♡♡♡♡♡♡♡♡♡♡♡♡,5점
90,정유빈,4354,진*우,23.04.21,50,[2024 수능특강] 정유빈의 확률과 통계,1강 후기 및 신입 인사,"안녕하세요 선생님~ 이번에 수특 확통을 선생님과 함께 하게 된 고3입니다~

저는 사실 지금도 고1~2를 거의 수포자로 지내서 수학이라 하면 +,-,×,÷만 아는 정도의 거의 초등생 수준인 고3입니다.

2학년때 까지는 수학 안한다는 마인드로 내신 버리면서 지내다 겨울방학때 상담을 받은 후에 수학을 버리니 탐구,국어를 1,2맞아도 안되는걸 뒤늦게 깨닫고 지난 방학부터 조금씩이라도 성적향상을 위해 기초부터 탄탄히 배우며 지냈습니다.

하지만 일부 일타강사라는 선생님의 ot를 듣고 개념 강좌라는 말에 들어가보면 수준에 맞지 않은 난이도나 빈약한 개념정리 탓에 여러번 쌤을 찾아다녔는데요. 

그러다 ebs 강좌찾기에서  선생님의 제목과 난이도 설정이 기초인것을 보고, ot와 1강을 들어보니, 확통이 어떻게 되는지도 잘 모르고, 계산방법도 아예 모르는 저도 잘 이해할수 있도록 계산법부터 적용방식까지 세세히 알려주시니 이해가 쏙쏙 되더라고요!

선생님이 설명해주시는 방법 듣고 공식을 이용해  복습문제 풀어보니, 비록 시간은 좀 걸렸지만, 이해도 되고 문제가 풀리기 시작하였습니다.  

그렇게 선생님에게 신뢰를 얻어 같은 비행기에 타게 된것입니다.

비록 아는게 많이 없어서 남들이 묻지 않을 부분에서 엉뚱한 질문을 물을때도 있고, 이해도 다른 친구들보다 늦어 같은내용을 반복적으로 물을때도 있지만,  유치원에서 처음 한글 배우는 어린이처럼 너그럽게 생각해주시고, 친절하게 자세히 알려주시면 까먹지 않을거라는 약속드리니, 부족하고 답답한 저 예쁘게 봐주시면 감사하겠습니다 ㅎㅎ

선생님과 함께 확통배우면서 8등급에서 더도말고  4~5만 맞아서 최저 맞추는데 지장이 안생기게 노력해보겠습니다.

지금까지 수포자의 tmi 들어주셔서 감사드리고, 2강도 기대하겠습니다!!",5점
91,정유빈,4354,박*수,23.04.20,19,[2024 수능특강] 정유빈의 확률과 통계,수특확통 32강 후기!,유빈쌤! 이항분포에서 정규분포로 관련된 강의를 들어보니까! 문제가 등장했을 때! 생각을 먼저 하고! 분포표도 잘 보고! 계산까지도 잘 해야겠다! 라는 것이 듭니다! 제가 유빈쌤한테 추천해드리고 싶은 수학적 해외여행은 오타와에 가보시는 것을 추천합니다! 캐나다의 수도이고요!! 완강이 8강 코앞이니까! 끝까지 파이팅!!!💚💚💚💚💚💚💚💚,5점
92,정유빈,4354,박*수,23.04.20,17,[2024 수능특강] 정유빈의 확률과 통계,수특확통 31강 후기!,"유빈쌤! 표준정규분포를 들어보니까! 문제가 등장했을 때!
표준정규분포표를 먼저 보고! 생각도 더 집중해서 하고! 계산도 잘 해서 구해야겠다! 라는 것이 듭니다!!! 이틀의 주말도 잘 보내세요!!! 예쁜 유빈쌤!!! 완강이 9강 코앞이니까!!!",5점
93,정유빈,4354,박*수,23.04.20,19,[2024 수능특강] 정유빈의 확률과 통계,수특확통 30강 후기!,유빈쌤! 정규분포를 들어보니까! 문제가 등장했을 때! 정규분포표를 보고! 값을 잘 생각해서 계산도 잘 해야겠다! 라는 것이 느낌이 듭니다! 제가 개인적으로 일터를 이직했어요! 바리스타에서 포장조립으로! 제가 일 끝나고 밤에 공부를 열심히 있습니다! 완강이 10강 코앞이니까! 포기하지 말고! 좌절하지 말고!! 끝까지 파이팅!!!!🤍🤍🤍🤍🤍🤍,5점
94,정유빈,4354,이*빈,23.04.19,35,[2024 수능특강] 정유빈의 확률과 통계,올해도 잘 부탁드립니다…!!,작년 수특에도 수강후기를 남겼던 것 같은데 수능 결과에 쪼끔 후회가 남아 다시 도전하려고 합니다! 올해는 멋진 기장님이 되셨네요! 늘 선생님 덕분에 수학을 놓지 않고 공부할 수 있는 것 같습니다! 올해는 꼭… 성공해서 돌아올게요 선생님 정말 감사합니다 🫶🏻,스페셜
95,정유빈,4354,성*은,23.04.17,50,[2024 수능특강] 정유빈의 확률과 통계,10강 수강후기(유빈쌤 너무 좋아요😁),"선생님 강의 본격적으로 시작하기전에 선생님의 여행 스타일 너무 인상깊었어요
저도 사실 완전 극J이에요(학교 도착하면 사물함 갔다가 바로 플래너 쓰고 계획다세우고 
극 J인 사람이 있을까라는 성격이 있을까?라는 생각을 했는데  선생님도 저랑 성격이 비슷해서 너무 공감이 되었어요
그리고 쉬는시간때 이야기 들었을때 공부 의욕이 다시 올라갔고 남은 기간동안  열심히 해야겠다고 생각을 했어요
시험 일주일 남아서 힘들지만. . 유빈쌤과 열심히 달려볼게요😊😊😊
선생님과 함께해서 행복합니다❤️❤️❤️",스페셜
96,정유빈,4354,이*별,23.04.17,25,[2024 수능특강] 정유빈의 확률과 통계,감사합니다!,"안녕하세요 선생님! 저는 요번 확통 수특 완강을 해낸 22살 재수생입니다!
10년이 넘는 시간을 축구선수로 살아온 제게 공부라는 벽은 너무 높았습니다.
부상으로 그만두게 된후 18살이라는 나이에 정말 모든게 막막했고 답이 보이지 않았습니다.
그래도 일단 군대라도 갔다와야 뭐가 될거같아 18살 자퇴후 19살에 검정고시를 보고
20살도 되기전에 지원병으로 입대를 하고 그저께 예비군도 갔다왔습니다ㅎㅎ
(그냥 이야기해보고 싶었습니다!)
전역후 알바를 하며 시간을 보냈는데 새로 만나는 사람마다 어느 대학 다니냐 어느 학과냐
물어보는게 당연하지만 고졸 검정고시 출신이라서 겁나고 용기내서 말해도 시선이 좋지않았습니다.
그러다보니 자연스럽게 대학을 가야하나?라는 생각이 계속 들어서 까짓거 군대도 갔다왔는데
뭘 못하겠냐!라는 마인드로 작년 6월부터 중학 수학부터 공부를 시작해서 작년 수능도 봐보고
이제 올해 작년에 쌓은 배경지식으로 제대로 시작했습니다!
제 수험생활에 선생님이 계셔서 정말 다행인것같습니다.
상형문자같았던 기호들이랑 뭐가 확률인지 경우의 수 인지도 몰라도 괜찮다하시며 같이하면 된다고
말씀해주시는게 정말 너무 힘이 많이 됐습니다! 선생님 말씀대로 더 열심히 할 예정이니 
선생님도 제 마지막 수험 생활을 끝까지 함께 해주시면 좋을거같습니다!
그럼 전 더 열심히 공부하러 가겠습니다! 환절기 감기 조심하세요!",스페셜
97,정유빈,4354,남*윤,23.04.15,36,[2024 수능특강] 정유빈의 확률과 통계,선생님..!,혹시 49p에 유제 6번은 안 풀어주신거맞죠..?,5점
98,정유빈,4354,황*솔,23.04.08,1017,[2024 수능특강] 정유빈의 확률과 통계,유빈쌤이 좋아서 한달만에 수개수특 완강 여행💗," 유빈쌤 안녕하세요!
저는 꿈에 다시 도전하게 된 제자입니다!!

 고등학생 때 선생님의 확통강의로 내신공부를 했었는데요. 당시에도 재밌게 공부했던 기억이 나서 수능공부를 해야겠다고 마음먹었을 때 고민도 없이 선생님의 강의를 선택했어요!

 선생님의 긍정적인 마인드를 보면서 마음을 다시 다잡을 수 있었고, 정말 재밌게 공부할 수 있었어요. 과거와 현재 그리고 미래의 여행이라는 키워드도 너무 와닿고 좋았던 것 같아요. 공부만 하다 보면 가끔 잊게 되는 것들을 다시 한번 상기하고, 고민해 볼 수 있는 시간이 생긴 것 같아 강의를 보면서도 힐링이었어요. 세상에 자신이 정말 좋아하는 일을 하면서 사는 사람이 몇 명이나 있을까 고민한 적이 있는데, 딱 유빈쌤이신 것 같아요!! 수업을 하시는 모습이 정말로 즐거워 보이셔서 강의를 보는 내내 제 입꼬리도 내려오지 않았어요😆 과장 일도 없이!

 저도 선생님처럼 좋아하는 일을 하는 사람이 되고 싶어 다시 수능을 도전합니다! 절대 쉬운 길은 아닐 테지만 저는 제 잠재력을 믿거든요!!! 근거 없는 자신감이 되지 않도록 앞으로도 꾸준히 공부하겠습니다!

수특 완강 후에 지금 2회독 중인데 강의에서 수강후기를 남겨달라는 말씀이 생각나서 적어봤어요😆 처음 배울때는 접근조차 못했던 문제들이 2회독할 때 풀리는 경험을 하고 놀라는 중이랍니다! 문제에서 선생님의 목소리가 들려요ㅋㅋㅋ 유빈쌤께서 외우지 않고 이해를 할 수 있도록 알려주셔서 그런 것 같아요! 좋은 강의 감사합니다💗💗

 봄인데도 날씨가 풀릴락 말락 일교차가 심하던데 감기 조심하시고 오늘도 좋은 하루 보내세요🫶🏻",베스트
99,정유빈,4354,유*히,23.03.20,296,[2024 수능특강] 정유빈의 확률과 통계,마음이 몽글몽글해지는 유빈쌤,"정말 신기하게도 유빈쌤 강의를 들으면 위로가 되고 자신감이 생겨요. 정말 힘들고 의욕이 없는 날 강의를 틀면 유빈쌤이 소소한 행복을 만들어보라고 말해주시고, 다음날 상담이 있어서 떨리고 자존감 낮아지는 날에는 유빈쌤의 상담이야기를 들으며 차분하게 공부할 수 있었어요. 이거 말고도 위로 받은 적이 엄청 많은데 저에게 그날 그날 필요한 말들을 강의에서 해주시는게 너무 신기한거 있죠!! 마치 강의가 제 오늘 기분을 다 알고 있는거 같은 기분도 들어요.. 항상 자신감을 주시는 유빈쌤 덕분에 수학 포기하지 않고 열심히 할 수 있을 것 같아요. 감사합니다.!!",베스트
100,정유빈,4354,서*교,23.03.13,874,[2024 수능특강] 정유빈의 확률과 통계,선생님 덕분에 대학갔습니다 .. 감사합니다,"제가 게으름과 안좋은 쪽으로 완벽주의(계획만 세우다가 실행을 안하는)가 심해서

수능 두달전까지 공부를 아예 안했어요.. 
과장하거나 수사적인 표현이 아니라 정말 2년넘게 책을 펴보지도 않았어요ㅠ


국어 영어 사회 과목은 그래도 예전에 조금이라도 해놓은 베이스가있어서 하려면 할수있을거 같다는 근거없는 자신감이 있었지만

수학은 정말 손도 대기 싫더라고요 ㅠㅠ  기본적인 근의공식 조립제법 이런것도 기억 하나도 안나고

그러다가 그래도 수특 이라도 한번 풀어봐야겠다는 생각에 사서 독학하는데 너무 막혀서 좌절하고 있다가

선생님 강의를 듣게되었고 감도 안오는게 이해가 되기 시작했어요 ㅜㅜ  

특히나 예전부터 확통이 너무 이해가 안갔는데 선생님덕분에 이해했습니다

두달 짧은 시간동안 선생님 수특 강의 2~3번 돌려보고 최근 기출중 쉬운4점 3점만 돌렸는데

수능에서 3점짜리는 다맞추고 4점짜리도 몇문제 맞춰서 생각보다 좋은 성적을 받았어요


개인적으로 대학은 인서울은 광명상가 라인까지나 광역시에있는 지거국 아니면 진학할 생각이 없었는데

인서울 대학 한곳과 대전 광역시에 있는 지거국 원하는과 한곳에 합격해서 집 가까운 지거국에 진학했어요
학비도 무료고 교수님이랑 시설도 좋고 개강한지 이제 2주지만 너무 만족하면서다니고있어요
  다시 생각해봐도 선생님이 아니였으면 아예 수학공부도 손놓고 포기했을거에요 ㅜㅜ 


정말 90%는 정말 선생님 덕이고 나머지는 윤리 과목가르치는 최양진 선생님 덕분같아요


감사합니다ㅜㅜ",베스트
101,정유빈,4354,이*현,23.03.11,978,[2024 수능특강] 정유빈의 확률과 통계,최고의 확통 선생님!!유빈쌤 사랑해요💕," 유빈쌤 안녕하세요! 작년에 제가 현역일때도 수능특강 강의를 들었었는데 재수를 하기로 결심하고 나서 보게 된 선생님의 수능특강 확통까지 완강하였습니다! 사실 수학을 좋아하지도 않고 잘하지도 못하는 편이라서 수학에 대해 부정적인 생각들을 많이 가지고 있었는데요, 적어도 확통만큼은 선생님과 함께하는 동안 재밌고 도전과제처럼 느끼면서 즐겁게 할 수 있었어요! 사실 선생님 보고 싶은 마음에 하루에 3~4강씩 수강하다보니까 이주 만에 완강을 하게 되었어욥 ㅎㅎ
 선생님께서는 보는 사람도 기분이 좋아지는 귀여움과 긍정적인 에너지를 가지고 계셔서 그냥 강의만 보는 건데도 선생님 보면서 힐링도 되고 마음도 긍정적으로 가지려고 노력하는 태도도 가지게 되었어요 감사합니다. !! 설명이나 판서나 뭐 말할 것도 없이 친절하기도 하고 깔끔하기도 해서 그냥 믿고 봤고 선생님 이름 세글자 보자마자 들어와서 어! 수특 확통 유빈쌤이다! 하고 들었던 거 같아요 ㅎㅎ
 사실 재수생이다 보니까, 그리고 과목들 중에서 수학이 가장 어렵게만 느껴지는 사람으로서 선생님 강의 들으면서 확통만큼은 전보다 명료하고 자세하게 딱 필요한 실전 개념들을 적용해볼 수 있겠다는 희망적인 마음이 들었어요!!! 선생님 덕분입니다,, 감사해요 ㅠㅠ
중간중간 저희에게 필요한 얘기들도 해주시고, 항상 시작과 끝도 밝고 귀여운 모습으로 나타나주시는 선생님이 계셔서 제가 확통 만점을 향해 달려나갈 수 있는 힘을 채웠어요! 그 힘으로 쭉 확통 만점을 향해 노력해보겠습니다!!
 사실 수강후기를 남기는 것 말고는 소통할 다른 방법을 찾지 못해서 이렇게 수강후기 처음 남겨보는데요, 선생님을 볼 수는 없지만 이렇게나마 이야기를 전할 수 있어서 기뻐요. 한 가지 여쭤보고 싶은 게 있는데 혹시 4~5등급 학생에게 권장하시고 싶은 수능 수학 학습법이라던가 지침이라던가 충고라던가 그런 말씀 해주실 수 있나요..? 주변에 따로 선생님이나 멘토님 같은 분들을 두고 있지 않아서 조언을 구할 방법이 없어서요.. 선생님이 생각하실 때 포괄적으로 어떻게 학습하면 좋을지 의견을 여쭤보고 싶습니다.
 앞으로 유빈쌤이 어떤 강의를 찍으시던 저희와 쭉 함께 갈 거라고 하셨으니 그말을 믿고! 저도 제 자리에서 유빈쌤에 걸맞는 성실한 제자가 되도록 열심히 포기하지 않고 노력하겠습니다! 우는 날이 많더라도 포기는 않겠습니다!!o(*￣︶￣*)o 유빈쌤 올 한 해 건강하고 행복하게 보내시길 바랄게요!! 사랑해요❤️",베스트
102,정유빈,4354,박*수,23.04.12,40,[2024 수능특강] 정유빈의 확률과 통계,수특확통 29강 후기!,"유빈쌤! 연속확률변수를 들어보니까! 문제가 등장했을 때!
풀이과정을 잘 생각해서! 집중해서! 계산까지 잘 풀어야겠다! 라는 것이 생각이 듭니다! 제가 유빈쌤한테 추천해드리고 싶은 수학적 해외여행은 오사카에 가보시는 것을 추천합니다! 대표명물인 타코야끼가 유명해서 꼭 드셔보시는 것을 추천합니다! 30강에서 봐요! 끝까지 파이팅!!!♡♡♡",5점
103,정유빈,4354,홍*지,23.04.11,42,[2024 수능특강] 정유빈의 확률과 통계,유빈쌤 13강 질문이요ㅠㅠ!,"예제 3번에 c값이 될 수 있는 경우를 구할때 어떤 기준으로  1,3이랑 1,2를 제외한건가요?! ㅠㅠ 이해가 잘 안되서요오",5점
104,정유빈,4354,박*수,23.04.09,43,[2024 수능특강] 정유빈의 확률과 통계,수특확통 28강 후기!,레벨2에 나와있는 문제들을 풀어보니까! 어려운 부분이 있었지만! 풀 만 했습니다! 제가 예쁜 유빈쌤한테 추천해드리고 싶은 수학적 여행은 홍대에 가보시면 카페가 있고요! 뉴욕 컵케이크 카페에 가보시는 것을 추천합니다! 아아랑 같이 드셔도 가능합니다! 29강에서 봐요! 끝까지 파이팅!!!♡,5점
105,정유빈,4354,박*수,23.04.09,20,[2024 수능특강] 정유빈의 확률과 통계,수특확통 27강 후기!,레벨1에 있는 문제들을 풀어보니까! 어려운 것이 없었고요! 풀 만 했습니다! 제가 유빈쌤한테 추천해드리고 싶은 수학적 여행은 장충동 족발타운에 가보시는 것을 추천합니다! 제가 많이 먹어본 경험이 있었거든요! 매운족발도 있고요! 다음 28강 수업도 잘 듣겠습니다! 끝까지 파이팅!♡♡,5점
106,정유빈,4354,박*수,23.04.09,20,[2024 수능특강] 정유빈의 확률과 통계,수특확통 26강 후기!,유빈쌤! 이항분포를 들어보니까! 문제가 등장했을 때! 풀이과정을 이항분포표를 보고 잘 생각해서 잘 풀어야겠다! 라는 것이 듭니다! 제가 개인적으로 황우슬혜를 좋아하긴 하지만 유빈쌤이 더 좋아합니다! 27강으로 Go!♡♡♡♡,5점
107,정유빈,4354,박*수,23.04.09,24,[2024 수능특강] 정유빈의 확률과 통계,수특확통 25강 후기!,유빈쌤! 이산확률변수aX+b를 들어보니까! 문제가 등장했을 때! 풀이과정을 aX+b를 활용해서 잘 풀어야겠다! 라는 것이 듭니다! 제가 유빈쌤한테 추천해드리고 싶은 수학적 해외여행은 런던에 가보시기를 추천합니다! 26강에서 Go!,5점
108,정유빈,4354,박*수,23.04.06,29,[2024 수능특강] 정유빈의 확률과 통계,수특확통 24강 후기!,"이산확률변수의 분산, 표본분차에 들어보니까! 문제가 등장했을 때! 생각을 잘 해서! 계산도 잘 해서! 반드시 맞혀야겠다! 라는 것이 생각이 듭니다! 다음 25강 수업도 더 집중해서! 잘 들어서! 열심히 공부하겠습니다! 끝까지 파이팅!!",5점
109,정유빈,4354,박*수,23.04.06,18,[2024 수능특강] 정유빈의 확률과 통계,수특확통 23강 후기!,이산확률변수의 평균을 들어보니까 문제가 등장했을 때! 표를 먼저 보고! 생각을 잘 해서 평균을 구해야겠다! 라는 것이 듭니다! 다음 24강 수업도 더 집중해서! 잘 들어서! 열심히 공부하겠습니다! 끝까지 파이팅!♡♡♡♡♡♡♡,5점
110,정유빈,4354,박*수,23.04.06,20,[2024 수능특강] 정유빈의 확률과 통계,수특확통 22강 후기!,"레벨2의 나와있는 문제들 풀어보니까! 조금 어려운 문제 있었지만 풀 만 했습니다! 제가 유빈쌤께 추천해드리고 싶은 수학적 해외여행은 일본에 있는 도쿄에 가보시는 것을 추천합니다! 거기 가보시면 타코야끼가 유명하더라고요! 
다음 23강 수업도 잘 듣겠습니다! 끝까지 파이팅!♡♡♡",5점
111,정유빈,4354,박*빈,23.04.04,60,[2024 수능특강] 정유빈의 확률과 통계,중복조합 관련 질문이요...!,중복조합 문제를 풀 때 공과 칸막이 방식으로 푸는 것은 좋은 방식이 아닌 건가요? 학교에서는 공식 사용을 중요시해서요......,스페셜
112,정유빈,4354,박*수,23.04.01,38,[2024 수능특강] 정유빈의 확률과 통계,수특확통 21강 후기!,문제들을 풀어보니까! 풀 만 합니다! 나머지 절반도 더 집중해서 열심히 하겠습니다! 끝까지 파이팅!♡♡♡♡♡♡,5점
113,정유빈,4354,박*수,23.04.01,31,[2024 수능특강] 정유빈의 확률과 통계,수특확통 20강 후기! & 강의 절반 입성!,레벨1 문제를 풀어보니까 풀 만 합니다! 기초연습이기 때문에! 예쁜 유빈쌤! 제가 드디어 강의의 절반에 입성했어요! 나머지 절반도 더 집중해서 잘 듣겠습니다! 파이팅!!!,5점
114,정유빈,4354,박*수,23.04.01,27,[2024 수능특강] 정유빈의 확률과 통계,수특확통 19강 후기!,독립시행의 확률을 들어보니까! 문제가 등장했을 때! 독립하는 확률의 값을 차근차근 구해야겠다!!!!! 라는 것이 듭니다!!!!! 다음 20강 수업도 더 집중해서!!! 잘 듣겠습니다!!!!!,5점
115,정유빈,4354,고*수,23.03.31,23,[2024 수능특강] 정유빈의 확률과 통계,중복조합의 이해,"유빈쌤 안녕하세요

오늘 6강에서 유빈쌤이 설명해주신 중복조합의 개념을
이해할 수 있게 되었습니다.

이항계수의 성질과 이항정리를 꼼꼼하게 암기하여
자연수 n에 대한 문제를 풀수 있게 되었어요 ",5점
116,정유빈,4354,박*수,23.03.31,25,[2024 수능특강] 정유빈의 확률과 통계,수특확통 18강 후기!,사건의 독립과 종속을 들어보니까! 문제가 등장했을 때!!! P(A/B)를 생각해서! 계산을 잘 해서 풀어야겠다! 라는 것이 생각이 듭니다! 유빈쌤은 승무원 같아요! 유빈쌤한테 추천해드리고 싶은 수학적 해외 여행은 자유의 여신상을 가보시는 것을 추천합니다! 게다가 뉴욕 컵케이크도 있으니까! 한번 아아랑 같이 드셔보시는 것도 꼭 추천합니다! 다음 19강 수업도 잘 듣겠습니다! 끝까지 파이팅!♡♡♡♡,5점
117,정유빈,4354,황*솔,23.04.08,1019,[2024 수능특강] 정유빈의 확률과 통계,유빈쌤이 좋아서 한달만에 수개수특 완강 여행💗," 유빈쌤 안녕하세요!
저는 꿈에 다시 도전하게 된 제자입니다!!

 고등학생 때 선생님의 확통강의로 내신공부를 했었는데요. 당시에도 재밌게 공부했던 기억이 나서 수능공부를 해야겠다고 마음먹었을 때 고민도 없이 선생님의 강의를 선택했어요!

 선생님의 긍정적인 마인드를 보면서 마음을 다시 다잡을 수 있었고, 정말 재밌게 공부할 수 있었어요. 과거와 현재 그리고 미래의 여행이라는 키워드도 너무 와닿고 좋았던 것 같아요. 공부만 하다 보면 가끔 잊게 되는 것들을 다시 한번 상기하고, 고민해 볼 수 있는 시간이 생긴 것 같아 강의를 보면서도 힐링이었어요. 세상에 자신이 정말 좋아하는 일을 하면서 사는 사람이 몇 명이나 있을까 고민한 적이 있는데, 딱 유빈쌤이신 것 같아요!! 수업을 하시는 모습이 정말로 즐거워 보이셔서 강의를 보는 내내 제 입꼬리도 내려오지 않았어요😆 과장 일도 없이!

 저도 선생님처럼 좋아하는 일을 하는 사람이 되고 싶어 다시 수능을 도전합니다! 절대 쉬운 길은 아닐 테지만 저는 제 잠재력을 믿거든요!!! 근거 없는 자신감이 되지 않도록 앞으로도 꾸준히 공부하겠습니다!

수특 완강 후에 지금 2회독 중인데 강의에서 수강후기를 남겨달라는 말씀이 생각나서 적어봤어요😆 처음 배울때는 접근조차 못했던 문제들이 2회독할 때 풀리는 경험을 하고 놀라는 중이랍니다! 문제에서 선생님의 목소리가 들려요ㅋㅋㅋ 유빈쌤께서 외우지 않고 이해를 할 수 있도록 알려주셔서 그런 것 같아요! 좋은 강의 감사합니다💗💗

 봄인데도 날씨가 풀릴락 말락 일교차가 심하던데 감기 조심하시고 오늘도 좋은 하루 보내세요🫶🏻",베스트
118,정유빈,4354,유*히,23.03.20,297,[2024 수능특강] 정유빈의 확률과 통계,마음이 몽글몽글해지는 유빈쌤,"정말 신기하게도 유빈쌤 강의를 들으면 위로가 되고 자신감이 생겨요. 정말 힘들고 의욕이 없는 날 강의를 틀면 유빈쌤이 소소한 행복을 만들어보라고 말해주시고, 다음날 상담이 있어서 떨리고 자존감 낮아지는 날에는 유빈쌤의 상담이야기를 들으며 차분하게 공부할 수 있었어요. 이거 말고도 위로 받은 적이 엄청 많은데 저에게 그날 그날 필요한 말들을 강의에서 해주시는게 너무 신기한거 있죠!! 마치 강의가 제 오늘 기분을 다 알고 있는거 같은 기분도 들어요.. 항상 자신감을 주시는 유빈쌤 덕분에 수학 포기하지 않고 열심히 할 수 있을 것 같아요. 감사합니다.!!",베스트
119,정유빈,4354,서*교,23.03.13,874,[2024 수능특강] 정유빈의 확률과 통계,선생님 덕분에 대학갔습니다 .. 감사합니다,"제가 게으름과 안좋은 쪽으로 완벽주의(계획만 세우다가 실행을 안하는)가 심해서

수능 두달전까지 공부를 아예 안했어요.. 
과장하거나 수사적인 표현이 아니라 정말 2년넘게 책을 펴보지도 않았어요ㅠ


국어 영어 사회 과목은 그래도 예전에 조금이라도 해놓은 베이스가있어서 하려면 할수있을거 같다는 근거없는 자신감이 있었지만

수학은 정말 손도 대기 싫더라고요 ㅠㅠ  기본적인 근의공식 조립제법 이런것도 기억 하나도 안나고

그러다가 그래도 수특 이라도 한번 풀어봐야겠다는 생각에 사서 독학하는데 너무 막혀서 좌절하고 있다가

선생님 강의를 듣게되었고 감도 안오는게 이해가 되기 시작했어요 ㅜㅜ  

특히나 예전부터 확통이 너무 이해가 안갔는데 선생님덕분에 이해했습니다

두달 짧은 시간동안 선생님 수특 강의 2~3번 돌려보고 최근 기출중 쉬운4점 3점만 돌렸는데

수능에서 3점짜리는 다맞추고 4점짜리도 몇문제 맞춰서 생각보다 좋은 성적을 받았어요


개인적으로 대학은 인서울은 광명상가 라인까지나 광역시에있는 지거국 아니면 진학할 생각이 없었는데

인서울 대학 한곳과 대전 광역시에 있는 지거국 원하는과 한곳에 합격해서 집 가까운 지거국에 진학했어요
학비도 무료고 교수님이랑 시설도 좋고 개강한지 이제 2주지만 너무 만족하면서다니고있어요
  다시 생각해봐도 선생님이 아니였으면 아예 수학공부도 손놓고 포기했을거에요 ㅜㅜ 


정말 90%는 정말 선생님 덕이고 나머지는 윤리 과목가르치는 최양진 선생님 덕분같아요


감사합니다ㅜㅜ",베스트
120,정유빈,4354,이*현,23.03.11,980,[2024 수능특강] 정유빈의 확률과 통계,최고의 확통 선생님!!유빈쌤 사랑해요💕," 유빈쌤 안녕하세요! 작년에 제가 현역일때도 수능특강 강의를 들었었는데 재수를 하기로 결심하고 나서 보게 된 선생님의 수능특강 확통까지 완강하였습니다! 사실 수학을 좋아하지도 않고 잘하지도 못하는 편이라서 수학에 대해 부정적인 생각들을 많이 가지고 있었는데요, 적어도 확통만큼은 선생님과 함께하는 동안 재밌고 도전과제처럼 느끼면서 즐겁게 할 수 있었어요! 사실 선생님 보고 싶은 마음에 하루에 3~4강씩 수강하다보니까 이주 만에 완강을 하게 되었어욥 ㅎㅎ
 선생님께서는 보는 사람도 기분이 좋아지는 귀여움과 긍정적인 에너지를 가지고 계셔서 그냥 강의만 보는 건데도 선생님 보면서 힐링도 되고 마음도 긍정적으로 가지려고 노력하는 태도도 가지게 되었어요 감사합니다. !! 설명이나 판서나 뭐 말할 것도 없이 친절하기도 하고 깔끔하기도 해서 그냥 믿고 봤고 선생님 이름 세글자 보자마자 들어와서 어! 수특 확통 유빈쌤이다! 하고 들었던 거 같아요 ㅎㅎ
 사실 재수생이다 보니까, 그리고 과목들 중에서 수학이 가장 어렵게만 느껴지는 사람으로서 선생님 강의 들으면서 확통만큼은 전보다 명료하고 자세하게 딱 필요한 실전 개념들을 적용해볼 수 있겠다는 희망적인 마음이 들었어요!!! 선생님 덕분입니다,, 감사해요 ㅠㅠ
중간중간 저희에게 필요한 얘기들도 해주시고, 항상 시작과 끝도 밝고 귀여운 모습으로 나타나주시는 선생님이 계셔서 제가 확통 만점을 향해 달려나갈 수 있는 힘을 채웠어요! 그 힘으로 쭉 확통 만점을 향해 노력해보겠습니다!!
 사실 수강후기를 남기는 것 말고는 소통할 다른 방법을 찾지 못해서 이렇게 수강후기 처음 남겨보는데요, 선생님을 볼 수는 없지만 이렇게나마 이야기를 전할 수 있어서 기뻐요. 한 가지 여쭤보고 싶은 게 있는데 혹시 4~5등급 학생에게 권장하시고 싶은 수능 수학 학습법이라던가 지침이라던가 충고라던가 그런 말씀 해주실 수 있나요..? 주변에 따로 선생님이나 멘토님 같은 분들을 두고 있지 않아서 조언을 구할 방법이 없어서요.. 선생님이 생각하실 때 포괄적으로 어떻게 학습하면 좋을지 의견을 여쭤보고 싶습니다.
 앞으로 유빈쌤이 어떤 강의를 찍으시던 저희와 쭉 함께 갈 거라고 하셨으니 그말을 믿고! 저도 제 자리에서 유빈쌤에 걸맞는 성실한 제자가 되도록 열심히 포기하지 않고 노력하겠습니다! 우는 날이 많더라도 포기는 않겠습니다!!o(*￣︶￣*)o 유빈쌤 올 한 해 건강하고 행복하게 보내시길 바랄게요!! 사랑해요❤️",베스트
121,정유빈,4354,박*수,23.03.31,28,[2024 수능특강] 정유빈의 확률과 통계,수특확통 17강 후기!,조건부확률에 대해 풀어보니까 문제가 등장했을 때! 풀이과정이 P(A/B)를 활용해서 잘 풀어야겠다! 라는 것이 생각이 듭니다! 확률의 덧셈정리도 들어보니까 문제가 등장했을 때! 확률을 잘 계산해서 덧셈을 잘 정리해야겠다! 라는것이 생각이 듭니다! 끝까지 파이팅!!!🤍🤍🤍🤍🤍🤍,5점
122,정유빈,4354,차*,23.03.29,481,[2024 수능특강] 정유빈의 확률과 통계,최애 유빈샘께 질문이 있습니다!,"I'm your passenger, I'm already got on your airplane. (하핫 샘의 레이디스엔 젠틀맨 디스 이스 유얼 캡틴 ㅎㅎ 인사에 맞춰 저도 짧은 영어 써 봤어요. ㅎㅎ 이 인사 하실 때 좀 실례지만 샘 너무 귀여우시거든요 ㅎㅎ)
유빈 샘~ 안녕하세요^^ 저는 선생님 덕분에 수학에 즐거움을 되찾은 고3입니다! 한 번도 수학을 포기한 적은 없었지만 좀처럼 성적이 오르지 않는게 수학이었어요. 나름의 애증의 관계랄까요? ^^ 그런데 선생님 강의 듣고 문제 풀이 보면서 그 어렵던 문제가 너무나도 만만하게 느껴지면서 선생님의 풀이법이 제게 흡수되는 것을 느꼈답니다! 하루 중 공부하다 지칠 때 선생님 강의 들으면 정말 금세 에너지가 회복되는 걸 느껴요~ 저 아무래도 샘 수업 듣는게 아니라 덕질하고 있는 건가봐요 ㅎㅎ 이렇게 글을 남기게 된 건 선생님께 감사의 인사와 함께 최근 고민에 대해 상담 받고 싶어서입니다. 1단원까지는 문제들을 웬만하면 잘 접근해서 풀 수 있었는데 확률 단원에서 지금 멈칫하고 있어요. 좀처럼 나아갈 기미가 안 보입니다. 문제를 보면 어떻게 접근해야 될지부터 막막해요. 선생님 도움이 간절합니다!!! 도와주세요",스페셜
123,정유빈,4354,여*온,23.03.29,48,[2024 수능특강] 정유빈의 확률과 통계,유빈쌤 강의로 힐링하긔..,사실 수포자인데 이번확통이라도 해볼까 싶어 선생님 강의를 접하게 되었어요 아직 들은지 얼마 안 됐지만 넘 잘 가르쳐주시고 항상 밝게 웃으시면서 강의를 해주셔서 저도 같이 웃게 되고 행복해요ㅠㅠ 계속 꾸준히 열심히 해보겠습니다! 그리고 찹쌀떡 유빈쌤 너무 귀여우셔요~ㅜㅡㅜ,5점
124,정유빈,4354,강*중,23.03.28,66,[2024 수능특강] 정유빈의 확률과 통계,"선생님, 질문이요.","선생님 제가 중학교 때부터 수학 공부를 열심히 하지 않아 중학교 부분이 부족한 것 같아서 선생님 강의를 들으려고 하는데  선생님 강이 중에 어땐 강의를 보면  되나요?
그리고  강이 수강할 때도 어떻게 하면서 들어야 좋을지 궁금합니다.",5점
125,정유빈,4354,조*지,23.03.27,48,[2024 수능특강] 정유빈의 확률과 통계,너무 쓰고 싶어서 쓰는 후기!!,"안녕하세요!! 고3 학생입니다.
이번 겨울방학 때 2023수능특강 확률과 통계(예습차원에서 2023수특도 들었어요 ㅎㅎ) 한번 듣고 너무 재미있어서 후기가 너무 쓰고 싶어서 남깁니다!!
공부를 잘 못하기도 했고 자신감도 없어서 '아 내가 진짜 수학을 할 수 있을까'하는 학생인데, 쌤 강의들으면서 너무 힘도 나고 계속 긍정적으로 생각하게 되었습니다!! 쌤이랑 약간 닮아가는 느낌~~ 넘 좋아용 긍정적으로 '아 이거 나 아니면 누가 문제 풀겠어'하는 마음으로 문제를 접근하니까 진짜 풀리더라구요! 너무 신기했어요.. 학교 친구한테도 신나게 알려주는 정도..? 근데 너무 어려운거면 쌤한테 도움을 요청하기도 하지만.. 여하튼 수학이 좋아지는 시기가 온 것만해도 정말 신기해요..
선생님께 궁금한 것도 있는데 제가 내신도 챙기다 보니 학교에서 나오는 서술형 같은 경우에 중복조합에서 공과 칸막이로 했다고.. 쓰면 안되겠죠..?
서술형에서는 어떻게 풀었는지 써야하는데 쓰는 방법을 잘 모르겠어요...
쌤 진짜 확률과 통계 해주셔서 너무너무 감사해요!! ",스페셜
126,정유빈,4354,박*수,23.03.26,35,[2024 수능특강] 정유빈의 확률과 통계,수특확통 16강 후기!,예쁜 유빈쌤! 레벨2를 풀어보니까 조금 어렵지만 풀 만했습니다! 제가 유빈쌤한테 추천해드리고 싶은 수학적 해외여행은 LA에 있는 디즈니월드에 가보시는 것을 추천합니다! 거기 가보시면 엘사가 유명할 거예요! 엘사보다 유빈쌤을 좋아합니다! 저 개인적으로! 끝까지 파이팅!💚💚💚💚,5점
127,정유빈,4354,박*수,23.03.26,24,[2024 수능특강] 정유빈의 확률과 통계,수특확통 15강 후기!,예쁜 유빈쌤! 레벨1과 레벨2를 풀어보니까! 제 개인적으로 레벨1문제가 더 좋았던 거 같습니다!!!!! 끝까지 파이팅!!!!!,5점
128,정유빈,4354,박*수,23.03.26,18,[2024 수능특강] 정유빈의 확률과 통계,수특확통 14강 후기!,예쁜 유빈쌤! 레벨1 문제를 풀어보니까! 풀 만했어요! 예쁜 유빈쌤한테 추천해드리고 싶은 수학적 여행은 경주에 있는 불국사에 가보시는 것을 추천합니다!,5점
129,정유빈,4354,박*수,23.03.26,18,[2024 수능특강] 정유빈의 확률과 통계,수특확통 13강 후기!,예쁜 유빈쌤! 확률의 덧셈정리를 들어보니까! 문제가 등장했을 때! 확률의 계산을 먼저 잘 구하고! 덧셈정리도 잘 해야겠다! 라는 것이 생각이 듭니다! 제가 엄마한테 혼났어요! 제가 제 얼굴을 먹물로 칠하려고 하는데요! 복수해서 내가 받은 상처를 되갚아야겠다고! 생각을 했는데! 엄마가 안된대요! 끝까지 파이팅!,5점
130,정유빈,4354,박*수,23.03.26,21,[2024 수능특강] 정유빈의 확률과 통계,수특확통 12강 후기!,예쁜 유빈쌤! 여러 가지 사건과 확률의 뜻을 듣어보니까! 문제가 등장했을 때! 여러 가지 사건을 잘 깨닫아서! 확률의 값을 잘 구해야겠다! 라는 것이 생각이 듭니다! 아아를 먹고 공부하니까 정신이 들더라고요!!!!! 끝까지 파이팅!!!,5점
131,정유빈,4354,김*정,23.03.22,66,[2024 수능특강] 정유빈의 확률과 통계,1강 원순열 이해ㅠㅠ,"4명을 원순열 할
 ABCD 이렇게 있다고 할 때 왜 한 명 먼저 앉히는 경우는 왜 안 구하나여??
4C1해줘야 하는 거 아닌가여",5점
132,정유빈,4354,조*진,23.03.21,33,[2024 수능특강] 정유빈의 확률과 통계,2강 질문 드려요!!,"선생님 수업 잘 듣고 있는 학생입니다!
2강 중복순열 유제 4번에 3x5x5 라고 하셨는데 이 부분이 이해가 안가요.. 3x5x4라고 풀리는데 ㅠㅠ 아무리 해결책 찾아도 안나와서 선생님께 질문 드립니다",5점
133,정유빈,4354,김*미,23.03.21,31,[2024 수능특강] 정유빈의 확률과 통계,[수강후기] 선생님 3강 질문드려요,"같은 것이 있는 순열에서 유제 6번 푸실 때 점을 찍으셔서 푸셨잖아요, 그리고그 점들을 지나간다고 하셨는데 그 부분이 이해가 잘 안 돼요 ㅜ ",스페셜
134,정유빈,4354,이*은,23.03.21,40,[2024 수능특강] 정유빈의 확률과 통계,사랑해요 쌤,"쌤! 수능 개념 강의 열심히 듣고 있는 학생입니다! 수능개념 강의에도 수강후기 열심히 썼는데 혹시 보셨으려나요..? 핳ㅋㅋ
수능 개념을 거의 마무리해서 수능특강 문제도 먼저 풀어보고 연습하려고 같이 병행해서 들으려고 시작했는데
수특 강의는 더더 재밌네요..? 아니 컨셉 뭐야..(너무 귀여워..) 강의가 고작 30분..? 근데 그 짧은 시간 내에 알차게 즐거운 내용 가득가득한거 뭐야.. 정말 유빈쌤 덕분에 확통만큼은 
너무 재밌게 공부하고 있어요!! 수능 준비가 이렇게 즐거울 수 있다니.. 아니 진짜 제가 수학이 재밌어지리라고는 생각도 못했는데 정말..
명불허전 유빈쌤이네요 진짜.. 남은 강의도 열심히 듣고 좋은 성적 가지고 올게요! 
수능완성도 당연히 찍어주시는 거죠?? 당연히 그래주실거라 믿고 있겠습니다..ㅎㅎㅎㅎㅎ

P.S 종종 수강후기로 수다떨러 와도 되나요..? 전 유빈쌤이 너무 좋아요!",5점
135,정유빈,4354,고*수,23.03.20,37,[2024 수능특강] 정유빈의 확률과 통계,확통 첫 후기,"유빈 쌤 안녕하세요 
이제 23년 3월 첫해가 되었습니다.

쌤 덕분에 제가 모의고사를 칠 때에도 겁없이 확률통계를
풀 수 있게 되었습니다",5점
136,정유빈,4354,황*솔,23.04.08,1019,[2024 수능특강] 정유빈의 확률과 통계,유빈쌤이 좋아서 한달만에 수개수특 완강 여행💗," 유빈쌤 안녕하세요!
저는 꿈에 다시 도전하게 된 제자입니다!!

 고등학생 때 선생님의 확통강의로 내신공부를 했었는데요. 당시에도 재밌게 공부했던 기억이 나서 수능공부를 해야겠다고 마음먹었을 때 고민도 없이 선생님의 강의를 선택했어요!

 선생님의 긍정적인 마인드를 보면서 마음을 다시 다잡을 수 있었고, 정말 재밌게 공부할 수 있었어요. 과거와 현재 그리고 미래의 여행이라는 키워드도 너무 와닿고 좋았던 것 같아요. 공부만 하다 보면 가끔 잊게 되는 것들을 다시 한번 상기하고, 고민해 볼 수 있는 시간이 생긴 것 같아 강의를 보면서도 힐링이었어요. 세상에 자신이 정말 좋아하는 일을 하면서 사는 사람이 몇 명이나 있을까 고민한 적이 있는데, 딱 유빈쌤이신 것 같아요!! 수업을 하시는 모습이 정말로 즐거워 보이셔서 강의를 보는 내내 제 입꼬리도 내려오지 않았어요😆 과장 일도 없이!

 저도 선생님처럼 좋아하는 일을 하는 사람이 되고 싶어 다시 수능을 도전합니다! 절대 쉬운 길은 아닐 테지만 저는 제 잠재력을 믿거든요!!! 근거 없는 자신감이 되지 않도록 앞으로도 꾸준히 공부하겠습니다!

수특 완강 후에 지금 2회독 중인데 강의에서 수강후기를 남겨달라는 말씀이 생각나서 적어봤어요😆 처음 배울때는 접근조차 못했던 문제들이 2회독할 때 풀리는 경험을 하고 놀라는 중이랍니다! 문제에서 선생님의 목소리가 들려요ㅋㅋㅋ 유빈쌤께서 외우지 않고 이해를 할 수 있도록 알려주셔서 그런 것 같아요! 좋은 강의 감사합니다💗💗

 봄인데도 날씨가 풀릴락 말락 일교차가 심하던데 감기 조심하시고 오늘도 좋은 하루 보내세요🫶🏻",베스트
137,정유빈,4354,유*히,23.03.20,298,[2024 수능특강] 정유빈의 확률과 통계,마음이 몽글몽글해지는 유빈쌤,"정말 신기하게도 유빈쌤 강의를 들으면 위로가 되고 자신감이 생겨요. 정말 힘들고 의욕이 없는 날 강의를 틀면 유빈쌤이 소소한 행복을 만들어보라고 말해주시고, 다음날 상담이 있어서 떨리고 자존감 낮아지는 날에는 유빈쌤의 상담이야기를 들으며 차분하게 공부할 수 있었어요. 이거 말고도 위로 받은 적이 엄청 많은데 저에게 그날 그날 필요한 말들을 강의에서 해주시는게 너무 신기한거 있죠!! 마치 강의가 제 오늘 기분을 다 알고 있는거 같은 기분도 들어요.. 항상 자신감을 주시는 유빈쌤 덕분에 수학 포기하지 않고 열심히 할 수 있을 것 같아요. 감사합니다.!!",베스트
138,정유빈,4354,서*교,23.03.13,875,[2024 수능특강] 정유빈의 확률과 통계,선생님 덕분에 대학갔습니다 .. 감사합니다,"제가 게으름과 안좋은 쪽으로 완벽주의(계획만 세우다가 실행을 안하는)가 심해서

수능 두달전까지 공부를 아예 안했어요.. 
과장하거나 수사적인 표현이 아니라 정말 2년넘게 책을 펴보지도 않았어요ㅠ


국어 영어 사회 과목은 그래도 예전에 조금이라도 해놓은 베이스가있어서 하려면 할수있을거 같다는 근거없는 자신감이 있었지만

수학은 정말 손도 대기 싫더라고요 ㅠㅠ  기본적인 근의공식 조립제법 이런것도 기억 하나도 안나고

그러다가 그래도 수특 이라도 한번 풀어봐야겠다는 생각에 사서 독학하는데 너무 막혀서 좌절하고 있다가

선생님 강의를 듣게되었고 감도 안오는게 이해가 되기 시작했어요 ㅜㅜ  

특히나 예전부터 확통이 너무 이해가 안갔는데 선생님덕분에 이해했습니다

두달 짧은 시간동안 선생님 수특 강의 2~3번 돌려보고 최근 기출중 쉬운4점 3점만 돌렸는데

수능에서 3점짜리는 다맞추고 4점짜리도 몇문제 맞춰서 생각보다 좋은 성적을 받았어요


개인적으로 대학은 인서울은 광명상가 라인까지나 광역시에있는 지거국 아니면 진학할 생각이 없었는데

인서울 대학 한곳과 대전 광역시에 있는 지거국 원하는과 한곳에 합격해서 집 가까운 지거국에 진학했어요
학비도 무료고 교수님이랑 시설도 좋고 개강한지 이제 2주지만 너무 만족하면서다니고있어요
  다시 생각해봐도 선생님이 아니였으면 아예 수학공부도 손놓고 포기했을거에요 ㅜㅜ 


정말 90%는 정말 선생님 덕이고 나머지는 윤리 과목가르치는 최양진 선생님 덕분같아요


감사합니다ㅜㅜ",베스트
139,정유빈,4354,이*현,23.03.11,980,[2024 수능특강] 정유빈의 확률과 통계,최고의 확통 선생님!!유빈쌤 사랑해요💕," 유빈쌤 안녕하세요! 작년에 제가 현역일때도 수능특강 강의를 들었었는데 재수를 하기로 결심하고 나서 보게 된 선생님의 수능특강 확통까지 완강하였습니다! 사실 수학을 좋아하지도 않고 잘하지도 못하는 편이라서 수학에 대해 부정적인 생각들을 많이 가지고 있었는데요, 적어도 확통만큼은 선생님과 함께하는 동안 재밌고 도전과제처럼 느끼면서 즐겁게 할 수 있었어요! 사실 선생님 보고 싶은 마음에 하루에 3~4강씩 수강하다보니까 이주 만에 완강을 하게 되었어욥 ㅎㅎ
 선생님께서는 보는 사람도 기분이 좋아지는 귀여움과 긍정적인 에너지를 가지고 계셔서 그냥 강의만 보는 건데도 선생님 보면서 힐링도 되고 마음도 긍정적으로 가지려고 노력하는 태도도 가지게 되었어요 감사합니다. !! 설명이나 판서나 뭐 말할 것도 없이 친절하기도 하고 깔끔하기도 해서 그냥 믿고 봤고 선생님 이름 세글자 보자마자 들어와서 어! 수특 확통 유빈쌤이다! 하고 들었던 거 같아요 ㅎㅎ
 사실 재수생이다 보니까, 그리고 과목들 중에서 수학이 가장 어렵게만 느껴지는 사람으로서 선생님 강의 들으면서 확통만큼은 전보다 명료하고 자세하게 딱 필요한 실전 개념들을 적용해볼 수 있겠다는 희망적인 마음이 들었어요!!! 선생님 덕분입니다,, 감사해요 ㅠㅠ
중간중간 저희에게 필요한 얘기들도 해주시고, 항상 시작과 끝도 밝고 귀여운 모습으로 나타나주시는 선생님이 계셔서 제가 확통 만점을 향해 달려나갈 수 있는 힘을 채웠어요! 그 힘으로 쭉 확통 만점을 향해 노력해보겠습니다!!
 사실 수강후기를 남기는 것 말고는 소통할 다른 방법을 찾지 못해서 이렇게 수강후기 처음 남겨보는데요, 선생님을 볼 수는 없지만 이렇게나마 이야기를 전할 수 있어서 기뻐요. 한 가지 여쭤보고 싶은 게 있는데 혹시 4~5등급 학생에게 권장하시고 싶은 수능 수학 학습법이라던가 지침이라던가 충고라던가 그런 말씀 해주실 수 있나요..? 주변에 따로 선생님이나 멘토님 같은 분들을 두고 있지 않아서 조언을 구할 방법이 없어서요.. 선생님이 생각하실 때 포괄적으로 어떻게 학습하면 좋을지 의견을 여쭤보고 싶습니다.
 앞으로 유빈쌤이 어떤 강의를 찍으시던 저희와 쭉 함께 갈 거라고 하셨으니 그말을 믿고! 저도 제 자리에서 유빈쌤에 걸맞는 성실한 제자가 되도록 열심히 포기하지 않고 노력하겠습니다! 우는 날이 많더라도 포기는 않겠습니다!!o(*￣︶￣*)o 유빈쌤 올 한 해 건강하고 행복하게 보내시길 바랄게요!! 사랑해요❤️",베스트
140,정유빈,4354,고*혁,23.03.17,90,[2024 수능특강] 정유빈의 확률과 통계,도와주세요 ㅠㅠ,안녕하세요 쌤! 올해 수험생인데 수학을 아예 안하고있다가 고3 올라와서 수학을 아예 버리는건 아닌거같아서 확통이라도 해보려구 오늘 2강까지 들었는데 너무 오랜만에 하는 수학이라 그런지 이해가 잘 안되더라구요 .. 쌤이 개념을 알려주셔도 저는 예제랑 유제 문제는 설명없이는 진짜 못하겠더라구요ㅠㅠ 그리고 원순열이랑 중복순열에서 나오는 A U B = U에서 U라는게 어떤걸 뜻하는지 잘 모르겠구 특히 2강에서 6c4가 왜 15가 되는지도 전혀모르겠구 경우의수 같은 그런것도 1도 모르겠어요.. 그래서 제가 지금 수특을 바로 푸는게 맞나 잘못시작하고있는거 아닌가 라고 생각이 들더라구요. 저같은 경우 쌤은 제가 지금 수특으로 계속 나가는게 올바른 방법이라고 생각하시나요? 아니면 수특으로 나가는게 맞는데 제가 지금 공부방법을 잘못하고있는걸까요? 쌤께서 올리신 수능개념 먼저 다 듣고 수특을 들어야 지금보다 더 이해가 잘될까요?,5점
141,정유빈,4354,박*수,23.03.11,35,[2024 수능특강] 정유빈의 확률과 통계,수특확통 11강 후기!,"예쁜 유빈쌤! 안녕하십니까! 박종수입니다! 
레벨2의 문제들을 풀어보니까! 어려운 것이 있었지만 할 만 했습니다! 이항정리 모든 파트는 끝났습니다! 다음 12강 수업도 더 집중해서! 잘 듣어서! 열심히 공부하겠습니다! 끝까지 파이팅!💚💚💚💚💚💚💚💚💚💚💚💚💚",5점
142,정유빈,4354,박*수,23.03.11,19,[2024 수능특강] 정유빈의 확률과 통계,수특확통 10강 후기!,"예쁜 유빈쌤! 안녕하십니까! 박종수입니다!
레벨1을 풀어보니까 할 만 하네요! 자신 있더라고요! 제가 유빈쌤한테 추천해드리고 싶은 수학적 여행은 장충동 족발타운에 가보시는 것을 추천합니다! 다음 11강 레벨2 문제풀이 수업도 더 집중해서! 잘 듣어서! 열심히 공부하겠습니다! 끝까지 파이팅!🤍🤍🤍🤍🤍🤍🤍🤍🤍🤍🤍🤍🤍",5점
143,정유빈,4354,김*기,23.03.10,53,[2024 수능특강] 정유빈의 확률과 통계,선생님 질문 있어요!!,"안녕하세요 저는 고3 남학생입니다.. 
제가 이제 확통을 해야겠다고 늦었지만 선택했습니다
근데 선생님 강의가 수능개념이 있고 특강이 있는데
개념하고 특강하려니 너무 강의가 많아져서.. 특강부터 하려고 합니다..
근데 제가 막 처음 시작한거라서 베이스가 없어요..
그래도 특강 개념들로 이해 충분한가요??? ㅠㅠㅠ 마음이 참 힘드네요.. 수험생활....",5점
144,정유빈,4354,김*우,23.03.10,42,[2024 수능특강] 정유빈의 확률과 통계,유빈쌤 안녕하세요,안녕하세요 유빈선생님 저는선생님에 귀여움과 약간의 허당미에 매료되어 수능개념에 이어서 수능특강까지 듣게된 현 고3 부산사는 수험생 김찬우라고 합니다 SNS를 할 시간에 선생님들의 강의를 들으니 매일 새로운 출발을 할 수 있어 항상 고마워합니다 남들보다 습득하는게 느리고 장애가 있는 저이기에 더욱 힘든 수학이지만 그래도 좋은 선생님들을 만나 이렇게까지 다시금 수학에 대한 희망을 갖게 해주셔서 감사합니다 중1때 첫 중간고사를 친 이후로 아 수학은 아닌듯하다하고 접은 이후로 6년만에 수학책을 사서 공부하는 것 같습니다 그리고 첫 점수가 너무 떨어져서 친구들이 이번생은 글렀다고 했었던 것 때문에 현실에 대한 괴리감과 공부에 대한 회의감이 너무들어 6년동안 방황했습니다 남들 몰래 눈물을 훔쳤고 주눅들고 포기하고 도망쳤던 어리석었던 과거의 저였기에 더욱 더 후회하고 있습니다 그리고 저의 인생 통틀어서 제일 좋지않았던 중2때 너무힘들어 모든걸 내려놓고 삶을 포기하려고 했었으며 어찌저찌 잘 버티고 이렇게 선생님을 뵐 수 있어 행복합니다 남은 수험기간동안 같이 달려주셔서 한번더 감사드리고 처음에 적응하기까지가 힘든 것 같습니다 앞으로도 열심히하는 학생이되겠습니다 그럼 다음강의에서 뵙겠습니다 행복이란게 무엇인지 다시금 알려준 EBS선생님들 전부에게 감사하다는 말을 끝으로 저는 가보겠습니다 한번더 감사합니다,스페셜
145,정유빈,4354,박*수,23.03.09,36,[2024 수능특강] 정유빈의 확률과 통계,수특확통 9강 후기!,"예쁜 유빈쌤! 저 박종수입니다! 
이항계수의 성질을 들어보니까! 문제가 등장했을 때! 
이항을 항상 생각하고! 풀이하고! 답을 구해야겠다! 라는 것입니다! 예쁜 유빈쌤! 제가 멋진 말을 해드릴게요! 제가 금요일까지 열심히 일하면 이틀의 주말을 쉴 수 있습니다!
다음 10강 문제풀이 수업도 더 집중해서 잘 듣겠습니다! 예쁜 유빈쌤도 이틀의 주말을 쉬었으면 좋겠습니다! 진심으로 존경하고 사랑합니다! 끝까지 파이팅!🤍🤍🤍🤍🤍",5점
146,정유빈,4354,박*수,23.03.09,22,[2024 수능특강] 정유빈의 확률과 통계,수특확통 8강 후기!,"예쁜 유빈쌤! 안녕하십니까! 박종수입니다!
오늘도 카페 일을 열심히 하고 돌아왔습니다!
이항정리에 대해 들어보니까! 문제를 풀 때! 이항을 잘 생각해서 정리해야겠다! 라는 것입니다! 제가 예쁜 유빈쌤께 추천해드리고 싶은 수학적 여행은 장충동에 가서 족발집에 가보시는 것을 추천합니다! 다음 9강 수업도 더 집중해서 잘 듣겠습니다! 꼭 아프지 마시고! 끝까지 파이팅!🤍🤍🤍",5점
147,정유빈,4354,박*수,23.03.08,21,[2024 수능특강] 정유빈의 확률과 통계,수특확통 7강 후기!,"예쁜 유빈쌤! 안녕하십니까! 박종수입니다!
제가 집에서 밤에 공부를 하고 있는데요! 중복조합의 활용에 대해 들어보니까! 원순열을 중복적으로 조합을 잘 해야겠다! 라는 것입니다! 제가 유빈쌤한테 추천해드리고 싶은 수학적 카페는 금요일에 아이스 아메리카노를 드셔보시는 것을 추천합니다! 유빈쌤은 절대로 아아가 없어선 절대 안됩니다! 다음 8강 수업도 더 집중해서 잘 듣겠습니다! 어쨌든 꼭 아프지 마시고! 끝까지 파이팅!🤍🤍🤍🤍🤍🤍🤍",5점
148,정유빈,4354,박*수,23.03.08,23,[2024 수능특강] 정유빈의 확률과 통계,수특확통 6강 후기!,"예쁜 유빈쌤! 안녕하십니까! 박종수입니다!
카페 일을 하고 돌아왔어요! 중복조합에 대해 들어보니까 경우의 수를 중복적으로 조합을 해야겠다! 라는 것입니다! 예쁜 유빈쌤! 제가 아아를 너무 많이 마시면 진짜 큰일 납니다! 제가 아아 3잔 정도 마시는 경우도 있고요! 다음 7강 수업도 집중해서 잘 듣겠습니다! 끝까지 파이팅!💚💚💚",스페셜
149,정유빈,4354,김*현,23.03.08,49,[2024 수능특강] 정유빈의 확률과 통계,학평을 앞두고 딱 36강을 봤을 때..!,"요즘 개학을 하고 시간패턴이 엄청 바뀌고 바빠졌는데, 선생님 강의는 학교 일과 중 에너지가 필요할 때, 또 그냥 평소에 수학공부를 시작하기 전에 꼭 봐서 벌써 완강을 진짜 코앞에 두고 있습니다..! 
사실 3월 새학기가 시작되고서 얼마 되지 않은 지금 시점에 담임선생님과 상담도 마치고, 또 어떤 학교 선생님께서는 3월 학평이 정말 중요하고.. 고3의 끝까지 가는 경우가 대부분이다..라고 말씀을 하셔서 상당히 3월 학평에 대해서 여러 감정이 생겼습니다.. 특히 고3이 되고 보니 모두가 정말 열심히 공부하고, 친구들끼리 학평과 관련해 여기저기서 들은 말들을 공유하면서 학평에 대해 걱정하는 분위기가 요즘 반에서 형성되었습니다.. ㅠㅠ 
근데 전 그때마다 초반 강의에서 선생님께서 해주셨던 말씀을 계속 마음에 되새겼거든요..! 3월 학평 성적이 고3동안 계속 유지된다는 것은 근거가 없고, 3월 학평으로 약점을 찾고 공부를 더 해나가면 무조건 다 할 수 있다..! 멘탈이 잘 흔들리는 저에게 정말 큰  힘이 되는 응원이었습니다.. ㅠㅠ 근데 주변의 친한친구들도 걱정을 시작하고 시험에 대해 부정적인 말들을 계속 하는 것을 듣다보니.. 또 다시 걱정이 시작되고 뭔가 3월 학평 날이 벌써부터 부담스러운 느낌이 들기도 했습니다.. ㅠㅠㅠㅠ 그런데 오늘 딱 강의를 들으면서 3월 학평이 딱 가까워지는 시점에 선생님께서 다시 한 번 확실하게! 3월 학평을 대해야하는 마음가짐과 틀린 문제를 통해서 오히려 더 발전해나가면 된다고 말씀을 해주셔서 마음속에 큰 위안이 되었습니다.. ㅠㅠ 남들이 하는 말 신경쓰지 않고 항상 기준을 나 스스로로 잡아야한다는 것을 머리로는 잘 알고 있지만, 주변 분위기가 끼치는 영향을 그래도 완전히 무시할 수 없고 마음 한구석에서 계속 불편한 마음이 드는건 어떻게 해야할지 방법을 몰랐는데, 딱 제 마음에 선생님께서 공감해주셔서 큰 힘을 얻었습니다..! 물론 3월 학평 전까지 모의고사 공부 열심히 하고 시험도 최선을 다해서 치지만..! 결과가 어떻게 나오든! 아직 모의고사니까! 최종적인 수능을 위해서 성장하는 계기로 작용하면 되겠죠?? ㅎㅎ
선생님 강의를 들을 때는 수학실력이 올라감과 동시에 항상 큰 응원과 위안을 주셔서 너무 좋은 것 같습니다.. 정말 감사해요.. ㅠㅠㅠㅠ
이제 강의가 얼마 남지 않아서 아쉬울 따름입니다.. ㅠㅠ 요즘 학교에서 내신수업으로 확통을 배우고 있는데, 부교재 문제를 풀면서 친구들이 좀 어려워하는 문제의 답을 저는 맞췄을 때 혼자 슬쩍 기뻐하고 있습니다.. 점점 뿌듯함과 자신감이 더 생기고 있어요!!! 다 선생님이 가르쳐주신 덕분입니다! ㅠㅠ 앞으로 남은 강의도 더 열심히 보고! 선생님과 함께 마음 건강도 챙기겠습니다!! 감사합니다!!! 

**사실.. 제가 선생님께 조언을 구하고 싶은 부분이 하나 있는데..  혹시 멘탈을 강화시킬 수 있는 팁을 주실 수 있을까용..?ㅠㅠ 성격이 워낙 미리 사서 걱정을 하고 유리멘탈인데, 요즘 분위기에서는 특히 더 영향을 많이 받는 것 같습니다.. ㅠㅠ 저도 스스로 이 약점을 극복하고 유빈쌤처럼 멋있는 분이 되고 싶어요!!! 저의 장황한 글 읽어주셔서 감사합니다 ㅠㅠㅠㅠㅠㅠ♥",5점
150,정유빈,4354,김*연,23.03.06,38,[2024 수능특강] 정유빈의 확률과 통계,17강 후기,개학해서 후기를 올릴 시간이 부족하지만 열심히 쌤 강의 보고 있어요💖,5점
151,정유빈,4354,박*수,23.03.04,43,[2024 수능특강] 정유빈의 확률과 통계,수특확통 5강 후기!,"예쁜 유빈쌤! 안녕하십니까! 박종수입니다!
레벨2의 나와있는 문제들을 풀어보니까 조금 어렵긴 하지만 풀 만 했습니다! 제가 유빈쌤한테 추천해드리고 싶은 수학적 여행은 차이나타운 근처에 있는 짜장면박물관에 가보시는 것을 추천합니다! 다음 6강 수업도 집중해서 잘 듣겠습니다! 끝까지 파이팅!!!🤍🤍🤍🤍🤍🤍🤍🤍🤍🤍🤍",5점
152,정유빈,4354,a*********7,23.03.02,83,[2024 수능특강] 정유빈의 확률과 통계,"정말 듣기 잘했다는 말밖에,,😭😭","미적분으로 그동안 공부 해오다가 확통으로 수능을 치기로 마음 먹은지 일주일도 안된 고삼이에요 ㅜ
아무래도 겨울방학 내내 미적분을 하다가 확통으로 바꾸려니 처음부터 해야한다는 생각과 그동안 한것이 조금 아깝기도 해서 걱정이 많았어요
학원에서 새로운 책으로 나가기 전에 수특으로 한바퀴 돌리고자!! 듣게 되었는데!!
정말 수특으로 처음 듣는데도 이해가 쏙쏙 잘돼요 ㅠㅠ 한 강의에 30분도 안 돼서 듣기 수월하고, 유빈쌤이 정말 긍정적인 에너지를 가지게 해주셔서 정말 좋아요!! 
지금부터 시작하기에 늦었다고 생각했는데 선생님께서 하신 말씀처럼 고1로 돌아갔다고 생각하고 남은 수험 생활을 후회없이 보내보려고 해요!! 아직 3강까지 들었지만 꾸준히 포기하지 않고 해보겠습니다 사랑해요❤️❤️❤️",5점
153,정유빈,4354,김*현,23.03.02,189,[2024 수능특강] 정유빈의 확률과 통계,수강 후기 겸 유빈쌤께 드리고 싶은 말❤️,안녕하세용 유빈선생님 매일 하루에 유빈쌤의 강의를 들으며 복습하고 예습하며 확통을 공부하는 고3여학생입니다. 항상 너무 힘들고 지치는 수험생활의 한줄기 빛이 되주셔서 우선 감사의 말씀을 먼저 드리고 싶어요. 선생님의 그 해맑은 웃음과 꼼꼼하고 친절한 해설 그리고 중간중간 동기부여해주는 시간여행타임까지 1강을 듣고 이 선생님과 함께라면 할 수있을 것 같아 강의를 선택하고 어느덧 4단원 첫 강의를 듣기를 앞두고 있습니다. 고3 첫 상담과 여러 과목 선생님들의 말이 어떻게 10만이 넘는 재수생과 싸워 이길것이냐는 부정적인 말 뿐이라 주눅 들기도 하다만 그럴때 유빈쌤강의를 들어가면 기죽지말고 할수있다고 생각하고 너의 길을 가라는 말 또 늦으면 늦는대로 그게 너만의 속도인거고 길일거라는 말 너무너무 힘이 많이 받고 저만의 속도로 하루하루 보내고 있습니다. 후회없는 수험생활을 보내는게 저의 학창시절의 마지막 바람이기도 하여 앞으로 유빈쌤과 열심히 확률과 통계 배워나가겠습니다😄. 수능까지 열심히 달리고 수능끝나고 꼭 해냈다고 성공했다고 원하는 대학과 과에 입학했다고 수강후기 쓸 수있는 저를 위해 남은 오늘도 알차게 보내겠습니다❤️ 저에게 큰 힘이 되어주셔서 감사해요😭 사랑합니다 히히😊,베스트
154,정유빈,4354,예*희,23.03.02,46,[2024 수능특강] 정유빈의 확률과 통계,유빈쌤!!!,안녕하세요 유빈쌤! 쌤과 함께하겠다고 한 학생인데요! 저 내일이면은 확통 수능특강 완강이에요! 그 동안 감사했고 수능완성에서도 뵈요! 유빈쌤 사랑해요!,스페셜
155,정유빈,4354,황*솔,23.04.08,1020,[2024 수능특강] 정유빈의 확률과 통계,유빈쌤이 좋아서 한달만에 수개수특 완강 여행💗," 유빈쌤 안녕하세요!
저는 꿈에 다시 도전하게 된 제자입니다!!

 고등학생 때 선생님의 확통강의로 내신공부를 했었는데요. 당시에도 재밌게 공부했던 기억이 나서 수능공부를 해야겠다고 마음먹었을 때 고민도 없이 선생님의 강의를 선택했어요!

 선생님의 긍정적인 마인드를 보면서 마음을 다시 다잡을 수 있었고, 정말 재밌게 공부할 수 있었어요. 과거와 현재 그리고 미래의 여행이라는 키워드도 너무 와닿고 좋았던 것 같아요. 공부만 하다 보면 가끔 잊게 되는 것들을 다시 한번 상기하고, 고민해 볼 수 있는 시간이 생긴 것 같아 강의를 보면서도 힐링이었어요. 세상에 자신이 정말 좋아하는 일을 하면서 사는 사람이 몇 명이나 있을까 고민한 적이 있는데, 딱 유빈쌤이신 것 같아요!! 수업을 하시는 모습이 정말로 즐거워 보이셔서 강의를 보는 내내 제 입꼬리도 내려오지 않았어요😆 과장 일도 없이!

 저도 선생님처럼 좋아하는 일을 하는 사람이 되고 싶어 다시 수능을 도전합니다! 절대 쉬운 길은 아닐 테지만 저는 제 잠재력을 믿거든요!!! 근거 없는 자신감이 되지 않도록 앞으로도 꾸준히 공부하겠습니다!

수특 완강 후에 지금 2회독 중인데 강의에서 수강후기를 남겨달라는 말씀이 생각나서 적어봤어요😆 처음 배울때는 접근조차 못했던 문제들이 2회독할 때 풀리는 경험을 하고 놀라는 중이랍니다! 문제에서 선생님의 목소리가 들려요ㅋㅋㅋ 유빈쌤께서 외우지 않고 이해를 할 수 있도록 알려주셔서 그런 것 같아요! 좋은 강의 감사합니다💗💗

 봄인데도 날씨가 풀릴락 말락 일교차가 심하던데 감기 조심하시고 오늘도 좋은 하루 보내세요🫶🏻",베스트
156,정유빈,4354,유*히,23.03.20,299,[2024 수능특강] 정유빈의 확률과 통계,마음이 몽글몽글해지는 유빈쌤,"정말 신기하게도 유빈쌤 강의를 들으면 위로가 되고 자신감이 생겨요. 정말 힘들고 의욕이 없는 날 강의를 틀면 유빈쌤이 소소한 행복을 만들어보라고 말해주시고, 다음날 상담이 있어서 떨리고 자존감 낮아지는 날에는 유빈쌤의 상담이야기를 들으며 차분하게 공부할 수 있었어요. 이거 말고도 위로 받은 적이 엄청 많은데 저에게 그날 그날 필요한 말들을 강의에서 해주시는게 너무 신기한거 있죠!! 마치 강의가 제 오늘 기분을 다 알고 있는거 같은 기분도 들어요.. 항상 자신감을 주시는 유빈쌤 덕분에 수학 포기하지 않고 열심히 할 수 있을 것 같아요. 감사합니다.!!",베스트
157,정유빈,4354,서*교,23.03.13,877,[2024 수능특강] 정유빈의 확률과 통계,선생님 덕분에 대학갔습니다 .. 감사합니다,"제가 게으름과 안좋은 쪽으로 완벽주의(계획만 세우다가 실행을 안하는)가 심해서

수능 두달전까지 공부를 아예 안했어요.. 
과장하거나 수사적인 표현이 아니라 정말 2년넘게 책을 펴보지도 않았어요ㅠ


국어 영어 사회 과목은 그래도 예전에 조금이라도 해놓은 베이스가있어서 하려면 할수있을거 같다는 근거없는 자신감이 있었지만

수학은 정말 손도 대기 싫더라고요 ㅠㅠ  기본적인 근의공식 조립제법 이런것도 기억 하나도 안나고

그러다가 그래도 수특 이라도 한번 풀어봐야겠다는 생각에 사서 독학하는데 너무 막혀서 좌절하고 있다가

선생님 강의를 듣게되었고 감도 안오는게 이해가 되기 시작했어요 ㅜㅜ  

특히나 예전부터 확통이 너무 이해가 안갔는데 선생님덕분에 이해했습니다

두달 짧은 시간동안 선생님 수특 강의 2~3번 돌려보고 최근 기출중 쉬운4점 3점만 돌렸는데

수능에서 3점짜리는 다맞추고 4점짜리도 몇문제 맞춰서 생각보다 좋은 성적을 받았어요


개인적으로 대학은 인서울은 광명상가 라인까지나 광역시에있는 지거국 아니면 진학할 생각이 없었는데

인서울 대학 한곳과 대전 광역시에 있는 지거국 원하는과 한곳에 합격해서 집 가까운 지거국에 진학했어요
학비도 무료고 교수님이랑 시설도 좋고 개강한지 이제 2주지만 너무 만족하면서다니고있어요
  다시 생각해봐도 선생님이 아니였으면 아예 수학공부도 손놓고 포기했을거에요 ㅜㅜ 


정말 90%는 정말 선생님 덕이고 나머지는 윤리 과목가르치는 최양진 선생님 덕분같아요


감사합니다ㅜㅜ",베스트
158,정유빈,4354,이*현,23.03.11,982,[2024 수능특강] 정유빈의 확률과 통계,최고의 확통 선생님!!유빈쌤 사랑해요💕," 유빈쌤 안녕하세요! 작년에 제가 현역일때도 수능특강 강의를 들었었는데 재수를 하기로 결심하고 나서 보게 된 선생님의 수능특강 확통까지 완강하였습니다! 사실 수학을 좋아하지도 않고 잘하지도 못하는 편이라서 수학에 대해 부정적인 생각들을 많이 가지고 있었는데요, 적어도 확통만큼은 선생님과 함께하는 동안 재밌고 도전과제처럼 느끼면서 즐겁게 할 수 있었어요! 사실 선생님 보고 싶은 마음에 하루에 3~4강씩 수강하다보니까 이주 만에 완강을 하게 되었어욥 ㅎㅎ
 선생님께서는 보는 사람도 기분이 좋아지는 귀여움과 긍정적인 에너지를 가지고 계셔서 그냥 강의만 보는 건데도 선생님 보면서 힐링도 되고 마음도 긍정적으로 가지려고 노력하는 태도도 가지게 되었어요 감사합니다. !! 설명이나 판서나 뭐 말할 것도 없이 친절하기도 하고 깔끔하기도 해서 그냥 믿고 봤고 선생님 이름 세글자 보자마자 들어와서 어! 수특 확통 유빈쌤이다! 하고 들었던 거 같아요 ㅎㅎ
 사실 재수생이다 보니까, 그리고 과목들 중에서 수학이 가장 어렵게만 느껴지는 사람으로서 선생님 강의 들으면서 확통만큼은 전보다 명료하고 자세하게 딱 필요한 실전 개념들을 적용해볼 수 있겠다는 희망적인 마음이 들었어요!!! 선생님 덕분입니다,, 감사해요 ㅠㅠ
중간중간 저희에게 필요한 얘기들도 해주시고, 항상 시작과 끝도 밝고 귀여운 모습으로 나타나주시는 선생님이 계셔서 제가 확통 만점을 향해 달려나갈 수 있는 힘을 채웠어요! 그 힘으로 쭉 확통 만점을 향해 노력해보겠습니다!!
 사실 수강후기를 남기는 것 말고는 소통할 다른 방법을 찾지 못해서 이렇게 수강후기 처음 남겨보는데요, 선생님을 볼 수는 없지만 이렇게나마 이야기를 전할 수 있어서 기뻐요. 한 가지 여쭤보고 싶은 게 있는데 혹시 4~5등급 학생에게 권장하시고 싶은 수능 수학 학습법이라던가 지침이라던가 충고라던가 그런 말씀 해주실 수 있나요..? 주변에 따로 선생님이나 멘토님 같은 분들을 두고 있지 않아서 조언을 구할 방법이 없어서요.. 선생님이 생각하실 때 포괄적으로 어떻게 학습하면 좋을지 의견을 여쭤보고 싶습니다.
 앞으로 유빈쌤이 어떤 강의를 찍으시던 저희와 쭉 함께 갈 거라고 하셨으니 그말을 믿고! 저도 제 자리에서 유빈쌤에 걸맞는 성실한 제자가 되도록 열심히 포기하지 않고 노력하겠습니다! 우는 날이 많더라도 포기는 않겠습니다!!o(*￣︶￣*)o 유빈쌤 올 한 해 건강하고 행복하게 보내시길 바랄게요!! 사랑해요❤️",베스트
159,정유빈,4354,박*수,23.03.02,29,[2024 수능특강] 정유빈의 확률과 통계,수특확통 4강 후기!,"예쁜 유빈쌤! 안녕하십니까! 박종수입니다! 
레벨1 문제들을 풀어보니까 많이 어렵지 않았고요! 풀 만했습니다! 다음 5강 수업도 집중해서 잘 듣겠습니다! 제가 유빈쌤한테 추천해드리고 싶은 수학적 여행은 부산에 가시면 고등어빵을 드셔보시는 것을 추천합니다! 끝까지 파이팅!",5점
160,정유빈,4354,박*수,23.03.02,26,[2024 수능특강] 정유빈의 확률과 통계,수특확통 3강 후기!,"예쁜 유빈쌤! 안녕하십니까! 박종수입니다!
같은 것이 있는 순열을 들어보니까 순열에 대한 문제를 풀 때! 집중해서 잘 풀어야겠다! 라는 것이 듭니다! 다음 4강 문제풀이 때도 집중해서 잘 풀고 오겠습니다! 끝까지 파이팅!",5점
161,정유빈,4354,박*수,23.03.02,27,[2024 수능특강] 정유빈의 확률과 통계,수특확통 2강 후기!,"예쁜 유빈쌤! 안녕하십니까! 박종수입니다!
중복순열에 대해 들어보니까 중복적으로 순열해야 하는 것이 중요하더라고요! 예쁜 유빈쌤은 절대 아아가 없어선 안 됩니다! 승무원 복을 입으시니까 너무 예쁘시더라고요! 다음 강인 3강 수업도 잘 듣겠습니다! 끝까지 파이팅!!!🤍🤍",5점
162,정유빈,4354,박*수,23.03.02,34,[2024 수능특강] 정유빈의 확률과 통계,수특확통 1강 후기!,"예쁜 유빈쌤! 안녕하십니까! 박종수입니다! 
수특확통 1강을 듣어보니까 이항정리가 뭔지 잘 깨달았더라고요! 원순열도 귕장히 중요하더라고요! 유빈쌤이 승무원 같았더라고요! 제가 금요일 아아를 먹고 공부하니까 힘이 나더라고요! 다음 2강 수업도 집중해서 잘 듣겠습니다!
끝까지 파이팅!💚💚💚💚💚💚💚💚💚💚💚💚💚💚",5점
163,정유빈,4354,김*연,23.03.01,24,[2024 수능특강] 정유빈의 확률과 통계,14강 후기,"쌤 내일 벌써 개학이에요ㅠㅠ 저도 드디어 내일이면 진정한 k-고3..!!
봄방학 마지막까지 유빈쌤과 함께합니당💖
봄방학에 제가 제일 잘한 일은 아마 유빈쌤 수특 강의를 발견한 게 아닐까 싶어용 ㅠㅠㅠ
선생님 좋은 강의 만들어 주셔서 너무 감사합니다ㅠㅠㅠㅠ",5점
164,정유빈,4354,김*지,23.02.28,32,[2024 수능특강] 정유빈의 확률과 통계,5강 수강후기,"선생님 !! 30분이 너무 빨리 지나가요 ㅠㅠㅠ 

오늘은 2강이나 들었어요!! 길이가 짧아서 부담스럽지 않게 들을 수 있는게 너무 좋아요><

6번,7번 문제 풀어보고 다음 강의도 들으러 오겠습니다 !! 

화이팅 >< ",5점
165,정유빈,4354,김*지,23.02.28,20,[2024 수능특강] 정유빈의 확률과 통계,4강 수강후기,"오늘 수업도 재밌었어요 선생님!!

4번 문제에서 전체 집합을 나눌 생각은 못했는데 선생님 설명 듣고 아! 저렇게 할 수 있네! 라고 생각했답니다 ㅎㅎ",5점
166,정유빈,4354,심*수,23.02.28,26,[2024 수능특강] 정유빈의 확률과 통계,확률과 통게,정유빈 선셍님 안녕하세요  심휘수라고 함니다 오늘 선생님의 강좌 5강까지 들었슴니다,5점
167,정유빈,4354,박*빈,23.02.28,24,[2024 수능특강] 정유빈의 확률과 통계,앞의 순열 끝난 후기,"앞에 원순열 같있순 등을 하다 보니 통계파트가 그리워지는 그런 현상이 발생하는 것 같아요. 문제 풀 때 몇문제는 쉽게 풀어지는 반면, 몇문제는 어렵게 풀어져서 답지보고 5바퀴는 돌려서라도 다음에도 맞힐 수 있게 하는 것 같아요. 내가 알 때까지 넘어가지 않으려고 하지만 그러다가 평생 못 넘어갈 것 같아 답지를 이해하고 최대 6바퀴는 돌리려고 해요. 수특을 씹어버릴 정도로.
이제 내일 모레 개학이에요.. 담임쌤은 원하는대로 국어쌤이 됐고..
시간표는 확통 월요일 화요일 1교시에 금요일 2교시.. 월화 1교시 이후엔 독서.. 뭔 시간표가 이런지.. 조금 씩 걱정되네요. 내가 확통을 수1 수2 때보다 고1 수학보다 잘할 수 있을지.. 선생님과 함께이지만 괜히 걱정되는 이 느낌...

암튼 이제 조합으로 들어가요~!! 그럼 다음 후기에서 봬여!",5점
168,정유빈,4354,김*연,23.02.28,21,[2024 수능특강] 정유빈의 확률과 통계,13강 후기,벌써 13강까지 왔어요!! 더 달려서 빨리 완강 후기 쓰러 오고 싶네요~!!,5점
169,정유빈,4354,김*연,23.02.28,17,[2024 수능특강] 정유빈의 확률과 통계,12강 후기,유빈쌤 진짜 최고예요ㅠㅠㅠㅠ,5점
170,정유빈,4354,심*수,23.02.27,23,[2024 수능특강] 정유빈의 확률과 통계,확률과 통게,정유빈 선생님안녕하세요 심휘수라고 함니다 압으로 저도 완강까지 달려 가갰슴니다 감사함니다  3강까지  수강 했슴니다,5점
171,정유빈,4354,신*인,23.02.27,21,[2024 수능특강] 정유빈의 확률과 통계,완강까지 열심히 달릴게요!!!,"수능개념 끝낸 지 일주일.. 수특으로 왔습니다!!
OT 보고 이번에는 얼마나 재밌을지 궁금하고 설렜어요!!(*^‿^*)
저는 확통으로 수학이 점점 재밌다고 느껴진 사람으로
3/2에 개학하면 시간이 조금 빠듯할 수 도 있겠지만 꼭!! 완강할게요!!! 지금 바로 1강으로 달려가겠습니다!!!ᕕ( ᐛ )ᕗ",5점
172,정유빈,4354,김*연,23.02.27,15,[2024 수능특강] 정유빈의 확률과 통계,11강 후기,"선생님이랑 확통하니까 너무 너무 재밌어요ㅠㅠ
완강 빨리하고 싶어요!!!",5점
173,정유빈,4354,김*연,23.02.26,14,[2024 수능특강] 정유빈의 확률과 통계,10강 후기,어느덧 10강까지 왔어요!! 항상 부담스럽지 않고 재밌게 할 수 있는 강의 만들어 주셔서 너무 감사해요❤️❤️❤️,5점
174,정유빈,4354,이*연,23.07.15,31,[2023 내신만점 수능특강] 수학Ⅱ,수2는 처음이라,"지금 2024수특이 나오긴 했지만 쌤 수업으로 듣고 싶어서 왔어요!!
수2는 처음이라 이걸로 먼저 쭉 돌리고 본격적으로 시작해보려구요!!
내년에도 수특해주시면 안될까요ㅠㅜ??
이과라 확통안듣고 미적 들어서 쌤수업 못들어서 아쉬워요..ㅠ",스페셜
175,정유빈,4354,이*경,23.07.12,3,[2023 수능특강] 정유빈의 확률과 통계,감사합니다...,"좋은 강의 찍어주셔서...
감사합니다...
도움이 많이 되었어요..",스페셜
176,정유빈,4354,최*윤,23.03.15,5,[2023 수능특강] 정유빈의 확률과 통계,: >,"수1, 수2 보다 유난히 확통을 못해서
2023년도 대비 수특부터 듣고 있어요,,,
2024 수특으로 빨리 갈게요!!",스페셜
177,정유빈,4354,이*은,23.02.23,13,[2023 수능특강] 정유빈의 확률과 통계,유빈쌤,선생님 저는 이번에 정시도 예비후보 기다리며 열심히 노력도 했는데 대학 떨어져서 아쉽지만 1년 더 열공할려고 해요.,5점
178,정유빈,4354,이*은,23.01.06,13,[2023 수능특강] 정유빈의 확률과 통계,선생님,선생님 22년 고생 많으셨어요^^ 23년에도 새해복 많이 받으세요~ 올해는 꿈이 이루어졌으면 좋겠던데요.,5점
179,정유빈,4354,김*은,23.09.19,3,[수능 감(感) 잡기] 수학 Ⅰ,12강 찹쌀떡,"5, 2번입니다",5점
180,정유빈,4354,김*은,23.09.15,3,[수능 감(感) 잡기] 수학 Ⅰ,11강 찹쌀떡,10입니다,5점
181,정유빈,4354,김*은,23.09.15,1,[수능 감(感) 잡기] 수학 Ⅰ,10강 찹쌀떡,"12입니다 
☆정신 놓고 진수조건 빼먹었다가 답 보고 눈 비비고 다시 풀었어요... 진수 조건 먼저 체크...^;^",5점
182,정유빈,4354,김*은,23.09.14,0,[수능 감(感) 잡기] 수학 Ⅰ,9강 찹쌀떡,4번에 5개입니다~~,5점
183,정유빈,4354,김*은,23.09.13,1,[수능 감(感) 잡기] 수학 Ⅰ,8강 찹쌀떡,33입니다,5점
184,정유빈,4354,김*은,23.09.13,2,[수능 감(感) 잡기] 수학 Ⅰ,7강 찹쌀떡,4번 17입니다 ,5점
185,정유빈,4354,김*은,23.09.13,7,[수능 감(感) 잡기] 수학 Ⅰ,6강 찹쌀떡,3번 y=-3입니다,스페셜
186,정유빈,4354,김*은,23.09.12,2,[수능 감(感) 잡기] 수학 Ⅰ,5강 찹쌀떡,7/2 입니다,5점
187,정유빈,4354,김*은,23.09.12,5,[수능 감(感) 잡기] 수학 Ⅰ,4강 찹쌀떡,10000입니다,5점
188,정유빈,4354,김*은,23.09.12,6,[수능 감(感) 잡기] 수학 Ⅰ,3강 찹쌀떡,9입니다,5점
189,정유빈,4354,김*은,23.09.12,7,[수능 감(感) 잡기] 수학 Ⅰ,2강 찹쌀떡,루트 21/5입니다,5점
190,정유빈,4354,김*은,23.09.12,6,[수능 감(感) 잡기] 수학 Ⅰ,1강 찹쌀떡,4/9입니다~~,5점
191,정유빈,4354,김*재,23.07.14,20,[수학의 왕도] 수학 I,수학1,재미있게 개념을 잘 배울 수 있어 좋습니다,스페셜
192,정유빈,4354,김*재,23.07.11,12,[수학의 왕도] 수학 I,출발,출발합니다,5점
193,정유빈,4354,전*수,23.07.09,15,[수학의 왕도] 수학 I,시작!합니다!,"안녕하세요 선생님! 예전부터 티비에서 많이 뵙던분이라 수1에서 만나니 더욱 반가워요!
수1을 2학기 때 배워서 시험 끝나고 오늘 처음으로 강의 듣는데 열심히 해보겠습니다!
중꺽마 파이팅!♡",5점
194,정유빈,4354,홍*은,23.02.03,174,[수학의 왕도] 수학 I,5강 지수(1) 복습 백지노트,"1. 지수법칙 5가지 (a,b;실수, m,n;자연수)

2. a의 n제곱근 정리
⤵️ n이 홀수일 때 x의 값
⤵️ n이 짝수일 때 x의 값",5점
195,정유빈,4354,황*진,23.01.31,245,[수학의 왕도] 수학 I,수강후기,정유빈 선생님이 설명하시는 건 이해가 잘 되는데 이미지 선생님이 설명하시는 부분은 잘 모르겠어요…ㅜㅜ,4점
196,정유빈,4354,김*영,23.01.23,166,[수학의 왕도] 수학 I,완강으로 달리는 중,"책 구성은 너무 맘에 듭니다.
인강보고 이해하기 어려웠던 부분을 책에서 개념 유도하는 기초 문제가 이해할 수 있도록 도와줍니다.

이미지 선생님께서는 설명이 매우 친절하십니다. 문제 풀면서 혹시 이해가 안되지 않을까 한 번 더 설명해주신 덕분에 이해가 너무 잘 됐습니다. 저와 잘맞는 수업 방식인 듯해요. 

정유빈 선생님께서는 문제 풀면서 팁을 주십니다. 문제를 빨리 풀 수 있게 도와드리죠. 하지만 개념을 처음 공부하는 입장으로썬 선생님의 팁을 기억하기 어려웠어요. 저는 개학하고 다시 돌려볼 생각입니다.

두 분 다 친절하시고 잘 가르쳐주십니다. 후기 쓸 때 추천 등급 설정하는데, 등급 상관 없이 개념 처음 공부하시는 분이라면 될 것 같습니다. 개념을 완벽하게 설명해 주십니디.",스페셜
197,정유빈,4354,홍*윤,23.01.21,120,[수학의 왕도] 수학 I,완강 후기,"드디어 완강했어요!! 선생님들 덕분에 수1의 기초를 탄탄히 다질 수 있었습니다. 저에게 딱 필요한 그런 강의였어요! 중간에 위기도 있었지만 차근차근 했더니 완강하는 날이 오기는 하네요ㅎㅎ 그리고 강의 중간 중간에 좋은 말씀 많이 해주셔서 감사합니다! 앞으로도 인거혼공 지키면서 착실하게 공부할게요. 함께 공부해주신 정유빈 선생님,이미지 선생님 모두 감사합니다~~",5점
198,정유빈,4354,홍*윤,23.01.09,128,[수학의 왕도] 수학 I,다짐,1월 20일까지 끝내겠습니다.,스페셜
199,정유빈,4354,김*환,23.01.04,95,[수학의 왕도] 수학 I,"5,6강 수강후기","미지쌤 너무 친절하게 잘 가르쳐주시고 딱딱 시험에서 잘 나오는 유형 잘 뽑아주심
그리고 무엇보다 혼공시간을 중요하다 생각하는 나인데 강의 마지막에 혼자 자습당부까지 해주셔서 완전 맘에듬",5점
200,정유빈,4354,김*서,23.01.01,101,[수학의 왕도] 수학 I,"1,2강 수강후기","두 분 케미 짱짱
강의 너무 재밌어요ㅋㅎ
EBS 강사 님이 좋아서 강의 더 즐겁게 듣게 된 경우는 정승제 쌤 이후로 첨이에요~ 예쁘고 열정적인 선생님들 강의 열심히 들으며 고2 수학 정복하겠습니다!!",5점
